SalesTransactionID,SaleDateTime,LocationID,ShipTo,SaleAmount,SaleTaxAmount,TotalSaleAmount,FeeAmount,FeePcntRate,PerTranAmount,Dispensed_Fuel_Additives_Quantity,Dispensed_Fuel_Additives_Amount,Merchandise_Quantity,Merchandise_Amount
3187860947,21:00.0,11771,587209800,5.42,0.13,5.42,-0.23,0.0095,0.18,0,0,2,5.29
3187861928,19:00.0,9380,66065400,5.35,0.35,5.35,-0.23,0.0095,0.18,0,0,2,5
3187862075,24:00.0,14391,896033800,5.64,0.16,5.64,-0.23,0.0095,0.18,0,0,2,5.48
3187862103,25:00.0,11425,488746900,5.09,0.21,5.09,-0.23,0.0095,0.18,0,0,2,4.88
3187862163,03:00.0,11425,488746900,5.14,0.26,5.14,-0.23,0.0095,0.18,0,0,2,4.88
3187862202,09:00.0,14391,896033800,5.73,0.44,5.73,-0.23,0.0095,0.18,0,0,2,5.29
3187863017,04:00.0,14391,896033800,5.72,0.44,5.72,-0.23,0.0095,0.18,0,0,2,5.28
3187863330,13:00.0,14391,896033800,5.53,0.25,5.53,-0.23,0.0095,0.18,0,0,2,5.28
3187863474,49:00.0,14391,896033800,5.41,0.41,5.41,-0.23,0.0095,0.18,0,0,2,5
3187863567,06:00.0,14391,896033800,5.61,0.43,5.61,-0.23,0.0095,0.18,0,0,2,5.18
3187863723,24:00.0,14391,896033800,5.73,0.44,5.73,-0.23,0.0095,0.18,0,0,2,5.29
3187863811,56:00.0,14111,855106100,5.16,0.08,5.16,-0.23,0.0095,0.18,0,0,2,5.08
3187864712,34:00.0,14111,855106100,5.16,0.08,5.16,-0.23,0.0095,0.18,0,0,2,5.08
3187864869,12:00.0,14111,855106100,5.26,0.28,5.26,-0.23,0.0095,0.18,0,0,2,4.98
3187864922,56:00.0,14111,855106100,5.66,0.08,5.66,-0.23,0.0095,0.18,0,0,2,5.58
3187864944,31:00.0,14111,855106100,5.16,0.08,5.16,-0.23,0.0095,0.18,0,0,2,5.08
3187864953,28:00.0,14111,855106100,5.05,0.37,5.05,-0.23,0.0095,0.18,0,0,2,4.68
3187899311,29:00.0,14445,925965600,5.72,0.44,5.72,-0.23,0.0095,0.18,0,0,2,5.28
3187899471,52:00.0,14445,925965600,5.28,0.4,5.28,-0.23,0.0095,0.18,0,0,2,4.88
3187899472,27:00.0,14445,925965600,5.39,0.41,5.39,-0.23,0.0095,0.18,0,0,2,4.98
3187899683,17:00.0,14445,925965600,5.73,0.44,5.73,-0.23,0.0095,0.18,0,0,2,5.29
3187900147,22:00.0,11184,378018600,5.21,0.23,5.21,-0.23,0.0095,0.18,0,0,2,4.98
3187900447,21:00.0,14445,925965600,5.51,0.23,5.51,-0.23,0.0095,0.18,0,0,2,5.28
3187900869,50:00.0,11184,378018600,5.39,0.41,5.39,-0.23,0.0095,0.18,0,0,2,4.98
3187901044,06:00.0,11184,378018600,5.17,0.39,5.17,-0.23,0.0095,0.18,0,0,2,4.78
3187901155,21:00.0,11184,378018600,5.47,0.19,5.47,-0.23,0.0095,0.18,0,0,2,5.28
3187901913,27:00.0,9886,204989800,5.38,0.3,5.38,-0.23,0.0095,0.18,0,0,2,5.08
3187902124,32:00.0,9886,204989800,5.16,0.18,5.16,-0.23,0.0095,0.18,0,0,2,4.98
3187902542,18:00.0,15894,666381900,5.39,0.41,5.39,-0.23,0.0095,0.18,0,0,2,4.98
3187902609,33:00.0,15894,666381900,5.61,0.43,5.61,-0.23,0.0095,0.18,0,0,2,5.18
3187903157,14:00.0,9886,204989800,5.73,0.25,5.73,-0.23,0.0095,0.18,0,0,2,5.48
3187903316,11:00.0,15894,666381900,5.5,0.42,5.5,-0.23,0.0095,0.18,0,0,2,5.08
3187903861,56:00.0,9218,49452600,5.41,0.41,5.41,-0.23,0.0095,0.18,0,0,2,5
3187904059,40:00.0,9218,49452600,5.17,0.39,5.17,-0.23,0.0095,0.18,0,0,2,4.78
3187904822,10:00.0,11933,612487900,5.23,0.25,5.23,-0.23,0.0095,0.18,0,0,2,4.98
3187967178,39:00.0,11720,591405600,5.61,0.43,5.61,-0.23,0.0095,0.18,0,0,2,5.18
3187967179,27:00.0,11720,591405600,5.07,0.39,5.07,-0.23,0.0095,0.18,0,0,2,4.68
3187967216,29:00.0,11720,591405600,5.73,0.44,5.73,-0.23,0.0095,0.18,0,0,2,5.29
3187967217,39:00.0,11720,591405600,5.23,0.25,5.23,-0.23,0.0095,0.18,0,0,2,4.98
3187967224,52:00.0,11720,591405600,5.73,0.44,5.73,-0.23,0.0095,0.18,0,0,2,5.29
3187967267,51:00.0,9487,56525900,5.46,0.28,5.46,-0.23,0.0095,0.18,0,0,2,5.18
3187967291,21:00.0,13784,773838800,5.4,0.22,5.4,-0.23,0.0095,0.18,0,0,2,5.18
3187967300,09:00.0,13713,911651800,5.69,0.21,5.69,-0.23,0.0095,0.18,0,0,2,5.48
3187967331,13:00.0,12850,791602600,5.07,0.19,5.07,-0.23,0.0095,0.18,0,0,2,4.88
3187967364,22:00.0,13216,667234900,5.04,0.16,5.04,-0.23,0.0095,0.18,0,0,2,4.88
3187967367,16:00.0,13216,667234900,5.7,0.32,5.7,-0.23,0.0095,0.18,0,0,2,5.38
3187967432,20:00.0,12017,501837900,5.48,0.2,5.48,-0.23,0.0095,0.18,0,0,2,5.28
3187967435,53:00.0,12017,501837900,5.07,0.29,5.07,-0.23,0.0095,0.18,0,0,2,4.78
3187967557,30:00.0,9231,49607500,5.72,0.14,5.72,-0.23,0.0095,0.18,0,0,2,5.58
3187967560,31:00.0,9231,49607500,5.31,0.13,5.31,-0.23,0.0095,0.18,0,0,2,5.18
3187967561,13:00.0,9231,49607500,5.51,0.13,5.51,-0.23,0.0095,0.18,0,0,2,5.38
3187967653,40:00.0,12320,706240900,5.44,0.26,5.44,-0.23,0.0095,0.18,0,0,2,5.18
3187967679,21:00.0,12320,706240900,5.39,0.21,5.39,-0.23,0.0095,0.18,0,0,2,5.18
3187967681,00:00.0,12320,706240900,5.26,0.18,5.26,-0.23,0.0095,0.18,0,0,2,5.08
3187967682,41:00.0,12320,706240900,5.01,0.23,5.01,-0.23,0.0095,0.18,0,0,2,4.78
3187967684,04:00.0,12320,706240900,5.61,0.43,5.61,-0.23,0.0095,0.18,0,0,2,5.18
3187967898,08:00.0,9273,55678700,5.63,0.15,5.63,-0.23,0.0095,0.18,0,0,2,5.48
3187967901,26:00.0,9273,55678700,5.61,0.32,5.61,-0.23,0.0095,0.18,0,0,2,5.29
3187967939,04:00.0,9949,209517200,5.18,0.1,5.18,-0.23,0.0095,0.18,0,0,2,5.08
3187967963,41:00.0,13713,911651800,5.19,0.21,5.19,-0.23,0.0095,0.18,0,0,2,4.98
3187967964,58:00.0,13713,911651800,5.11,0.33,5.11,-0.23,0.0095,0.18,0,0,2,4.78
3187968010,53:00.0,10261,272641200,5.32,0.39,5.32,-0.23,0.0095,0.18,0,0,2,4.93
3187968140,51:00.0,12267,503798100,5.07,0.39,5.07,-0.23,0.0095,0.18,0,0,2,4.68
3187968141,56:00.0,12267,503798100,5.07,0.39,5.07,-0.23,0.0095,0.18,0,0,2,4.68
3187968144,44:00.0,12267,503798100,5.62,0.24,5.62,-0.23,0.0095,0.18,0,0,2,5.38
3187968328,46:00.0,9724,165573700,5.61,0.43,5.61,-0.23,0.0095,0.18,0,0,2,5.18
3187968330,59:00.0,9724,165573700,5.5,0.42,5.5,-0.23,0.0095,0.18,0,0,2,5.08
3187968433,58:00.0,14156,855188900,5.57,0.44,5.57,-0.23,0.0095,0.18,0,0,2,5.13
3187968539,06:00.0,13738,829138700,5.17,0.39,5.17,-0.23,0.0095,0.18,0,0,2,4.78
3187968582,38:00.0,13425,882674500,5.77,0.19,5.77,-0.23,0.0095,0.18,0,0,2,5.58
3187968586,14:00.0,13425,882674500,5.17,0.39,5.17,-0.23,0.0095,0.18,0,0,2,4.78
3187969860,37:00.0,11447,448646000,5.39,0.41,5.39,-0.23,0.0095,0.18,0,0,2,4.98
3187969862,56:00.0,11447,448646000,5.39,0.41,5.39,-0.23,0.0095,0.18,0,0,2,4.98
3187969866,00:00.0,12320,706240900,5.39,0.41,5.39,-0.23,0.0095,0.18,0,0,2,4.98
3187969872,53:00.0,12320,706240900,5.41,0.41,5.41,-0.23,0.0095,0.18,0,0,2,5
3187969879,06:00.0,9487,56525900,5.49,0.41,5.49,-0.23,0.0095,0.18,0,0,2,5.08
3187969888,03:00.0,13257,689421600,5.22,0.25,5.22,-0.23,0.0095,0.18,0,0,2,4.97
3187969889,17:00.0,13257,689421600,5.14,0.16,5.14,-0.23,0.0095,0.18,0,0,2,4.98
3187969920,11:00.0,13784,773838800,5.59,0.41,5.59,-0.23,0.0095,0.18,0,0,2,5.18
3187970002,04:00.0,10780,317081800,5.39,0.41,5.39,-0.23,0.0095,0.18,0,0,2,4.98
3187970066,21:00.0,12924,630397800,5.34,0.34,5.34,-0.23,0.0095,0.18,0,0,2,5
3187970102,03:00.0,13822,934063900,5.33,0.35,5.33,-0.23,0.0095,0.18,0,0,2,4.98
3187970118,22:00.0,11977,461550600,5.26,0.18,5.26,-0.23,0.0095,0.18,0,0,2,5.08
3187970119,08:00.0,11977,461550600,5.16,0.08,5.16,-0.23,0.0095,0.18,0,0,2,5.08
3187970140,46:00.0,11731,429831100,5.7,0.32,5.7,-0.23,0.0095,0.18,0,0,2,5.38
3187970141,16:00.0,11731,429831100,5.7,0.32,5.7,-0.23,0.0095,0.18,0,0,2,5.38
3187970206,49:00.0,13675,940827900,5.21,0.13,5.21,-0.23,0.0095,0.18,0,0,2,5.08
3187970290,30:00.0,10616,307514000,5.39,0.41,5.39,-0.23,0.0095,0.18,0,0,2,4.98
3187970292,52:00.0,10616,307514000,5.39,0.41,5.39,-0.23,0.0095,0.18,0,0,2,4.98
3187970431,24:00.0,9564,114914500,5.59,0.41,5.59,-0.23,0.0095,0.18,0,0,2,5.18
3187970800,03:00.0,13822,934063900,5.33,0.35,5.33,-0.23,0.0095,0.18,0,0,2,4.98
3187970801,14:00.0,13822,934063900,5.45,0.36,5.45,-0.23,0.0095,0.18,0,0,2,5.09
3187970805,12:00.0,13822,934063900,5.33,0.35,5.33,-0.23,0.0095,0.18,0,0,2,4.98
3187971066,12:00.0,13425,882674500,5.39,0.41,5.39,-0.23,0.0095,0.18,0,0,2,4.98
3187971067,09:00.0,13425,882674500,5.39,0.41,5.39,-0.23,0.0095,0.18,0,0,2,4.98
3188064097,12:00.0,11130,407447200,5.63,0.35,5.63,-0.23,0.0095,0.18,0,0,2,5.28
3188064101,39:00.0,11130,407447200,5.64,0.35,5.64,-0.23,0.0095,0.18,0,0,2,5.29
3188064214,02:00.0,9839,179913900,5.28,0.4,5.28,-0.23,0.0095,0.18,0,0,2,4.88
3188064300,38:00.0,12415,515217800,5.61,0.43,5.61,-0.23,0.0095,0.18,0,0,2,5.18
3188064386,51:00.0,12054,482565900,5.61,0.33,5.61,-0.23,0.0095,0.18,0,0,2,5.28
3188064412,39:00.0,12054,482565900,5.3,0.31,5.3,-0.23,0.0095,0.18,0,0,2,4.99
3188064418,21:00.0,12054,482565900,5.52,0.14,5.52,-0.23,0.0095,0.18,0,0,2,5.38
3188064520,51:00.0,12441,696431600,5.57,0.44,5.57,-0.23,0.0095,0.18,0,0,2,5.13
3188064521,02:00.0,12441,696431600,5.66,0.38,5.66,-0.23,0.0095,0.18,0,0,2,5.28
3188064523,23:00.0,14552,970928800,5.06,0.18,5.06,-0.23,0.0095,0.18,0,0,2,4.88
3188064526,18:00.0,14552,970928800,5.35,0.27,5.35,-0.23,0.0095,0.18,0,0,2,5.08
3188064590,04:00.0,14552,970928800,5.44,0.26,5.44,-0.23,0.0095,0.18,0,0,2,5.18
3188064711,27:00.0,9709,117023200,5.16,0.08,5.16,-0.23,0.0095,0.18,0,0,2,5.08
3188064714,28:00.0,9709,117023200,5.36,0.08,5.36,-0.23,0.0095,0.18,0,0,2,5.28
3188064716,09:00.0,9709,117023200,5.05,0.07,5.05,-0.23,0.0095,0.18,0,0,2,4.98
3188064752,02:00.0,9709,117023200,5.58,0.08,5.58,-0.23,0.0095,0.18,0,0,2,5.5
3188064754,54:00.0,9709,117023200,5.46,0.08,5.46,-0.23,0.0095,0.18,0,0,2,5.38
3188064757,02:00.0,9709,117023200,5.36,0.08,5.36,-0.23,0.0095,0.18,0,0,2,5.28
3188064806,37:00.0,14581,970314100,5.07,0.39,5.07,-0.23,0.0095,0.18,0,0,2,4.68
3188064809,28:00.0,14581,970314100,5.5,0.42,5.5,-0.23,0.0095,0.18,0,0,2,5.08
3188064810,50:00.0,14581,970314100,5.17,0.39,5.17,-0.23,0.0095,0.18,0,0,2,4.78
3188064890,14:00.0,9745,124795600,5.52,0.24,5.52,-0.23,0.0095,0.18,0,0,2,5.28
3188064898,15:00.0,14252,877214700,5.5,0.42,5.5,-0.23,0.0095,0.18,0,0,2,5.08
3188064899,14:00.0,14252,877214700,5.73,0.44,5.73,-0.23,0.0095,0.18,0,0,2,5.29
3188064900,38:00.0,14252,877214700,5.66,0.18,5.66,-0.23,0.0095,0.18,0,0,2,5.48
3188064902,48:00.0,14252,877214700,5.66,0.18,5.66,-0.23,0.0095,0.18,0,0,2,5.48
3188064903,09:00.0,14252,877214700,5.05,0.17,5.05,-0.23,0.0095,0.18,0,0,2,4.88
3188064904,38:00.0,14252,877214700,5.09,0.21,5.09,-0.23,0.0095,0.18,0,0,2,4.88
3188065030,21:00.0,13572,875603300,5.55,0.22,5.55,-0.23,0.0095,0.18,0,0,2,5.33
3188065031,50:00.0,13572,875603300,5.48,0.4,5.48,-0.23,0.0095,0.18,0,0,2,5.08
3188065066,09:00.0,9745,124795600,5.16,0.08,5.16,-0.23,0.0095,0.18,0,0,2,5.08
3188065176,49:00.0,13601,741291900,5.09,0.31,5.09,-0.23,0.0095,0.18,0,0,2,4.78
3188065177,28:00.0,13601,741291900,5.09,0.31,5.09,-0.23,0.0095,0.18,0,0,2,4.78
3188065216,14:00.0,14035,899157200,5.46,0.18,5.46,-0.23,0.0095,0.18,0,0,2,5.28
3188065219,15:00.0,14035,899157200,5.13,0.34,5.13,-0.23,0.0095,0.18,0,0,2,4.79
3188065220,50:00.0,14035,899157200,5.72,0.24,5.72,-0.23,0.0095,0.18,0,0,2,5.48
3188065273,58:00.0,14035,899157200,5.13,0.34,5.13,-0.23,0.0095,0.18,0,0,2,4.79
3188065296,20:00.0,13484,920599800,5.14,0.39,5.14,-0.23,0.0095,0.18,0,0,2,4.75
3188065328,47:00.0,11017,436191100,5.23,0.25,5.23,-0.23,0.0095,0.18,0,0,2,4.98
3188065349,39:00.0,14035,899157200,5.13,0.34,5.13,-0.23,0.0095,0.18,0,0,2,4.79
3188065443,23:00.0,10483,309664100,5.05,0.07,5.05,-0.23,0.0095,0.18,0,0,2,4.98
3188065478,08:00.0,14252,877214700,5.5,0.42,5.5,-0.23,0.0095,0.18,0,0,2,5.08
3188065480,36:00.0,14252,877214700,5.55,0.27,5.55,-0.23,0.0095,0.18,0,0,2,5.28
3188065582,21:00.0,13076,779369800,5.35,0.35,5.35,-0.23,0.0095,0.18,0,0,2,5
3188065619,24:00.0,9701,171975600,5.38,0.4,5.38,-0.23,0.0095,0.18,0,0,2,4.98
3188065644,44:00.0,9701,171975600,5.37,0.08,5.37,-0.23,0.0095,0.18,0,0,2,5.29
3188065646,45:00.0,9701,171975600,5.36,0.08,5.36,-0.23,0.0095,0.18,0,0,2,5.28
3188065691,14:00.0,12439,594547200,5.12,0.24,5.12,-0.23,0.0095,0.18,0,0,2,4.88
3188065765,31:00.0,12439,594547200,5.72,0.44,5.72,-0.23,0.0095,0.18,0,0,2,5.28
3188065766,45:00.0,12439,594547200,5.01,0.23,5.01,-0.23,0.0095,0.18,0,0,2,4.78
3188065769,22:00.0,12439,594547200,5.53,0.25,5.53,-0.23,0.0095,0.18,0,0,2,5.28
3188065781,39:00.0,13464,891053100,5.5,0.32,5.5,-0.23,0.0095,0.18,0,0,2,5.18
3188065810,22:00.0,13383,699900700,5.61,0.43,5.61,-0.23,0.0095,0.18,0,0,2,5.18
3188065812,21:00.0,13383,699900700,5.66,0.18,5.66,-0.23,0.0095,0.18,0,0,2,5.48
3188065824,31:00.0,9164,23206600,5.52,0.25,5.52,-0.23,0.0095,0.18,0,0,2,5.27
3188065850,55:00.0,12678,589818400,5.29,0.31,5.29,-0.23,0.0095,0.18,0,0,2,4.98
3188066054,03:00.0,13464,891053100,5.17,0.19,5.17,-0.23,0.0095,0.18,0,0,2,4.98
3188066177,04:00.0,9791,166462200,5.09,0.32,5.09,-0.23,0.0095,0.18,0,0,2,4.77
3188066179,13:00.0,9791,166462200,5.43,0.25,5.43,-0.23,0.0095,0.18,0,0,2,5.18
3188066181,04:00.0,9791,166462200,5.7,0.22,5.7,-0.23,0.0095,0.18,0,0,2,5.48
3188066182,06:00.0,9791,166462200,5.2,0.22,5.2,-0.23,0.0095,0.18,0,0,2,4.98
3188066187,24:00.0,9791,166462200,5.1,0.32,5.1,-0.23,0.0095,0.18,0,0,2,4.78
3188066188,48:00.0,9791,166462200,5.32,0.34,5.32,-0.23,0.0095,0.18,0,0,2,4.98
3188066190,09:00.0,9791,166462200,5.64,0.36,5.64,-0.23,0.0095,0.18,0,0,2,5.28
3188066197,37:00.0,12678,589818400,5.31,0.31,5.31,-0.23,0.0095,0.18,0,0,2,5
3188066198,17:00.0,12678,589818400,5.29,0.31,5.29,-0.23,0.0095,0.18,0,0,2,4.98
3188066214,31:00.0,14345,936038900,5.74,0.26,5.74,-0.23,0.0095,0.18,0,0,2,5.48
3188066281,50:00.0,14117,845125400,5.29,0.11,5.29,-0.23,0.0095,0.18,0,0,2,5.18
3188066283,33:00.0,14117,845125400,5.61,0.32,5.61,-0.23,0.0095,0.18,0,0,2,5.29
3188066322,17:00.0,9791,166462200,5.64,0.36,5.64,-0.23,0.0095,0.18,0,0,2,5.28
3188066380,07:00.0,9791,166462200,5.32,0.34,5.32,-0.23,0.0095,0.18,0,0,2,4.98
3188066381,06:00.0,9791,166462200,5.53,0.35,5.53,-0.23,0.0095,0.18,0,0,2,5.18
3188066385,26:00.0,9791,166462200,5.64,0.36,5.64,-0.23,0.0095,0.18,0,0,2,5.28
3188066503,05:00.0,10621,309194900,5.54,0.16,5.54,-0.23,0.0095,0.18,0,0,2,5.38
3188066505,45:00.0,10621,309194900,5.23,0.34,5.23,-0.23,0.0095,0.18,0,0,2,4.89
3188066508,47:00.0,10621,309194900,5.25,0.17,5.25,-0.23,0.0095,0.18,0,0,2,5.08
3188066536,03:00.0,9651,151926300,5.29,0.21,5.29,-0.23,0.0095,0.18,0,0,2,5.08
3188066542,58:00.0,9651,151926300,5.73,0.44,5.73,-0.23,0.0095,0.18,0,0,2,5.29
3188066584,15:00.0,11954,486667900,5.6,0.22,5.6,-0.23,0.0095,0.18,0,0,2,5.38
3188066587,41:00.0,11954,486667900,5.29,0.21,5.29,-0.23,0.0095,0.18,0,0,2,5.08
3188066590,47:00.0,9651,151926300,5.1,0.22,5.1,-0.23,0.0095,0.18,0,0,2,4.88
3188066626,33:00.0,11923,492303300,5.08,0.08,5.08,-0.23,0.0095,0.18,0,0,2,5
3188066627,46:00.0,11923,492303300,5.37,0.08,5.37,-0.23,0.0095,0.18,0,0,2,5.29
3188066631,03:00.0,11923,492303300,5.7,0.22,5.7,-0.23,0.0095,0.18,0,0,2,5.48
3188066647,51:00.0,11909,426875100,5.61,0.13,5.61,-0.23,0.0095,0.18,0,0,2,5.48
3188066651,02:00.0,11909,426875100,5.17,0.39,5.17,-0.23,0.0095,0.18,0,0,2,4.78
3188066661,52:00.0,13969,979796000,5.5,0.42,5.5,-0.23,0.0095,0.18,0,0,2,5.08
3188066713,07:00.0,13969,979796000,5.23,0.25,5.23,-0.23,0.0095,0.18,0,0,2,4.98
3188066714,08:00.0,13969,979796000,5.61,0.43,5.61,-0.23,0.0095,0.18,0,0,2,5.18
3188066715,34:00.0,13969,979796000,5.61,0.43,5.61,-0.23,0.0095,0.18,0,0,2,5.18
3188066771,48:00.0,11986,603700600,5.73,0.44,5.73,-0.23,0.0095,0.18,0,0,2,5.29
3188066819,18:00.0,11954,486667900,5.07,0.39,5.07,-0.23,0.0095,0.18,0,0,2,4.68
3188066873,04:00.0,14179,946106200,5.03,0.45,5.03,-0.23,0.0095,0.18,0,0,2,4.58
3188066885,22:00.0,10915,344099700,5.41,0.41,5.41,-0.23,0.0095,0.18,0,0,2,5
3188066886,32:00.0,10915,344099700,5.39,0.41,5.39,-0.23,0.0095,0.18,0,0,2,4.98
3188066893,56:00.0,10915,344099700,5.39,0.41,5.39,-0.23,0.0095,0.18,0,0,2,4.98
3188066929,03:00.0,13496,927524900,5.4,0.64,5.4,-0.23,0.0095,0.18,0,0,2,4.76
3188066931,07:00.0,13496,927524900,5.46,0.08,5.46,-0.23,0.0095,0.18,0,0,2,5.38
3188066933,46:00.0,13496,927524900,5.05,0.07,5.05,-0.23,0.0095,0.18,0,0,2,4.98
3188066937,56:00.0,13496,927524900,5.16,0.08,5.16,-0.23,0.0095,0.18,0,0,2,5.08
3188066970,09:00.0,14552,970928800,5.39,0.41,5.39,-0.23,0.0095,0.18,0,0,2,4.98
3188067065,40:00.0,11954,486667900,5.41,0.41,5.41,-0.23,0.0095,0.18,0,0,2,5
3188067066,02:00.0,11954,486667900,5.39,0.41,5.39,-0.23,0.0095,0.18,0,0,2,4.98
3188067067,25:00.0,11954,486667900,5.41,0.41,5.41,-0.23,0.0095,0.18,0,0,2,5
3188067097,33:00.0,9651,151926300,5.23,0.25,5.23,-0.23,0.0095,0.18,0,0,2,4.98
3188067134,38:00.0,11909,426875100,5.41,0.41,5.41,-0.23,0.0095,0.18,0,0,2,5
3188067135,35:00.0,11909,426875100,5.41,0.41,5.41,-0.23,0.0095,0.18,0,0,2,5
3188067136,25:00.0,11909,426875100,5.41,0.41,5.41,-0.23,0.0095,0.18,0,0,2,5
3188067416,26:00.0,14478,983413600,5.41,0.41,5.41,-0.23,0.0095,0.18,0,0,2,5
3188067433,16:00.0,11986,603700600,5.39,0.41,5.39,-0.23,0.0095,0.18,0,0,2,4.98
3188067434,08:00.0,11986,603700600,5.39,0.41,5.39,-0.23,0.0095,0.18,0,0,2,4.98
3188067525,22:00.0,12439,594547200,5.41,0.41,5.41,-0.23,0.0095,0.18,0,0,2,5
3188067527,55:00.0,12439,594547200,5.41,0.41,5.41,-0.23,0.0095,0.18,0,0,2,5
3188067667,15:00.0,14552,970928800,5.41,0.41,5.41,-0.23,0.0095,0.18,0,0,2,5
3188067670,13:00.0,14552,970928800,5.39,0.41,5.39,-0.23,0.0095,0.18,0,0,2,4.98
3188067723,25:00.0,14401,905265500,5.64,0.14,5.64,-0.23,0.0095,0.18,0,0,2,5.5
3188067740,28:00.0,11017,436191100,5.41,0.41,5.41,-0.23,0.0095,0.18,0,0,2,5
3188067781,37:00.0,13383,699900700,5.39,0.41,5.39,-0.23,0.0095,0.18,0,0,2,4.98
3188068372,18:00.0,14345,936038900,5.41,0.41,5.41,-0.23,0.0095,0.18,0,0,2,5
3187968674,00:00.0,13026,825800600,5.17,0.39,5.17,-0.23,0.0095,0.18,0,0,2,4.78
3187968800,48:00.0,11447,448646000,5.71,0.13,5.71,-0.23,0.0095,0.18,0,0,2,5.58
3187968802,06:00.0,11447,448646000,5.23,0.25,5.23,-0.23,0.0095,0.18,0,0,2,4.98
3187968805,12:00.0,11447,448646000,5.17,0.39,5.17,-0.23,0.0095,0.18,0,0,2,4.78
3187968807,24:00.0,11447,448646000,5.5,0.42,5.5,-0.23,0.0095,0.18,0,0,2,5.08
3187968808,52:00.0,11447,448646000,5.73,0.44,5.73,-0.23,0.0095,0.18,0,0,2,5.29
3187968819,31:00.0,11898,474632700,5.1,0.12,5.1,-0.23,0.0095,0.18,0,0,2,4.98
3187968899,11:00.0,13253,817260300,5.58,0.3,5.58,-0.23,0.0095,0.18,0,0,2,5.28
3187968900,23:00.0,13253,817260300,5.73,0.44,5.73,-0.23,0.0095,0.18,0,0,2,5.29
3187968901,14:00.0,13253,817260300,5.17,0.39,5.17,-0.23,0.0095,0.18,0,0,2,4.78
3187968946,24:00.0,10070,204144000,5.72,0.24,5.72,-0.23,0.0095,0.18,0,0,2,5.48
3187968947,02:00.0,10070,204144000,5.75,0.07,5.75,-0.23,0.0095,0.18,0,0,2,5.68
3187968948,25:00.0,10070,204144000,5.27,0.3,5.27,-0.23,0.0095,0.18,0,0,2,4.97
3187968963,12:00.0,12768,605532100,5.21,0.38,5.21,-0.23,0.0095,0.18,0,0,2,4.83
3187968978,49:00.0,11869,608104600,5.19,0.21,5.19,-0.23,0.0095,0.18,0,0,2,4.98
3187968980,50:00.0,11869,608104600,5.62,0.14,5.62,-0.23,0.0095,0.18,0,0,2,5.48
3187968981,15:00.0,11869,608104600,5.31,0.13,5.31,-0.23,0.0095,0.18,0,0,2,5.18
3187969006,35:00.0,11977,461550600,5.26,0.08,5.26,-0.23,0.0095,0.18,0,0,2,5.18
3187969063,29:00.0,11977,461550600,5.71,0.43,5.71,-0.23,0.0095,0.18,0,0,2,5.28
3187969092,05:00.0,10070,204144000,5.63,0.15,5.63,-0.23,0.0095,0.18,0,0,2,5.48
3187969168,58:00.0,12567,601823800,5.23,0.25,5.23,-0.23,0.0095,0.18,0,0,2,4.98
3187969169,58:00.0,12567,601823800,5.14,0.16,5.14,-0.23,0.0095,0.18,0,0,2,4.98
3187969171,19:00.0,12567,601823800,5.32,0.24,5.32,-0.23,0.0095,0.18,0,0,2,5.08
3187969254,23:00.0,9564,114914500,5.01,0.22,5.01,-0.23,0.0095,0.18,0,0,2,4.79
3187969258,00:00.0,9564,114914500,5.48,0.4,5.48,-0.23,0.0095,0.18,0,0,2,5.08
3187969284,44:00.0,10780,317081800,5.6,0.22,5.6,-0.23,0.0095,0.18,0,0,2,5.38
3187969286,59:00.0,10780,317081800,5.07,0.39,5.07,-0.23,0.0095,0.18,0,0,2,4.68
3187969301,07:00.0,11864,452337900,5.16,0.38,5.16,-0.23,0.0095,0.18,0,0,2,4.78
3187969303,02:00.0,11864,452337900,5.71,0.42,5.71,-0.23,0.0095,0.18,0,0,2,5.29
3187969337,31:00.0,12480,578678500,5.23,0.25,5.23,-0.23,0.0095,0.18,0,0,2,4.98
3187969340,50:00.0,12480,578678500,5.14,0.16,5.14,-0.23,0.0095,0.18,0,0,2,4.98
3187969342,40:00.0,12480,578678500,5.09,0.21,5.09,-0.23,0.0095,0.18,0,0,2,4.88
3187969368,33:00.0,11881,470609900,5.36,0.08,5.36,-0.23,0.0095,0.18,0,0,2,5.28
3187969372,19:00.0,9834,189125800,5.07,0.39,5.07,-0.23,0.0095,0.18,0,0,2,4.68
3187969373,17:00.0,9834,189125800,5.21,0.13,5.21,-0.23,0.0095,0.18,0,0,2,5.08
3187969380,28:00.0,13675,940827900,5.1,0.12,5.1,-0.23,0.0095,0.18,0,0,2,4.98
3187969392,48:00.0,11864,452337900,5.14,0.26,5.14,-0.23,0.0095,0.18,0,0,2,4.88
3187969402,23:00.0,11864,452337900,5.22,0.24,5.22,-0.23,0.0095,0.18,0,0,2,4.98
3187969556,23:00.0,9551,117653600,5.73,0.44,5.73,-0.23,0.0095,0.18,0,0,2,5.29
3187969558,03:00.0,10778,283251700,5.48,0.3,5.48,-0.23,0.0095,0.18,0,0,2,5.18
3187969564,20:00.0,10778,283251700,5.11,0.13,5.11,-0.23,0.0095,0.18,0,0,2,4.98
3187969637,05:00.0,13266,683567200,5.6,0.32,5.6,-0.23,0.0095,0.18,0,0,2,5.28
3187969650,15:00.0,11447,448646000,5.17,0.39,5.17,-0.23,0.0095,0.18,0,0,2,4.78
3187969651,55:00.0,11447,448646000,5.01,0.13,5.01,-0.23,0.0095,0.18,0,0,2,4.88
3187969657,23:00.0,9551,117653600,5.61,0.43,5.61,-0.23,0.0095,0.18,0,0,2,5.18
3187969663,36:00.0,9551,117653600,5.46,0.18,5.46,-0.23,0.0095,0.18,0,0,2,5.28
3187969721,34:00.0,9724,165573700,5.41,0.41,5.41,-0.23,0.0095,0.18,0,0,2,5
3187969728,59:00.0,11720,591405600,5.41,0.41,5.41,-0.23,0.0095,0.18,0,0,2,5
3187969739,43:00.0,13257,689421600,5.65,0.27,5.65,-0.23,0.0095,0.18,0,0,2,5.38
3187969743,00:00.0,13257,689421600,5.23,0.25,5.23,-0.23,0.0095,0.18,0,0,2,4.98
3187969764,25:00.0,9738,199647900,5.39,0.41,5.39,-0.23,0.0095,0.18,0,0,2,4.98
3187969832,30:00.0,12567,601823800,5.04,0.26,5.04,-0.23,0.0095,0.18,0,0,2,4.78
3187862215,08:00.0,11425,488746900,6.29,0.21,6.29,-0.24,0.0095,0.18,0,0,2,6.08
3187862218,41:00.0,11425,488746900,6.78,0.5,6.78,-0.24,0.0095,0.18,0,0,2,6.28
3187863290,37:00.0,14391,896033800,5.95,0.45,5.95,-0.24,0.0095,0.18,0,0,2,5.5
3187863691,29:00.0,14391,896033800,6.04,0.46,6.04,-0.24,0.0095,0.18,0,0,2,5.58
3187864077,55:00.0,14111,855106100,5.97,0.09,5.97,-0.24,0.0095,0.18,0,0,2,5.88
3187864681,15:00.0,14111,855106100,6.13,0.45,6.13,-0.24,0.0095,0.18,0,0,2,5.68
3187864895,02:00.0,14111,855106100,6.28,0.4,6.28,-0.24,0.0095,0.18,0,0,2,5.88
3187864952,22:00.0,14111,855106100,6.45,0.1,6.45,-0.24,0.0095,0.18,0,0,2,6.35
3187865039,28:00.0,14111,855106100,5.87,0.09,5.87,-0.24,0.0095,0.18,0,0,2,5.78
3187899709,24:00.0,14445,925965600,6.04,0.46,6.04,-0.24,0.0095,0.18,0,0,2,5.58
3187901081,02:00.0,11184,378018600,6.26,0.48,6.26,-0.24,0.0095,0.18,0,0,2,5.78
3187901719,01:00.0,9886,204989800,6.69,0.51,6.69,-0.24,0.0095,0.18,0,0,2,6.18
3187901914,20:00.0,9886,204989800,5.93,0.45,5.93,-0.24,0.0095,0.18,0,0,2,5.48
3187902224,57:00.0,9886,204989800,6.69,0.51,6.69,-0.24,0.0095,0.18,0,0,2,6.18
3187902540,16:00.0,15894,666381900,5.93,0.45,5.93,-0.24,0.0095,0.18,0,0,2,5.48
3187903519,50:00.0,15894,666381900,6.04,0.46,6.04,-0.24,0.0095,0.18,0,0,2,5.58
3187903857,31:00.0,9218,49452600,6.02,0.65,6.02,-0.24,0.0095,0.18,0,0,2,5.37
3187903881,16:00.0,9218,49452600,6.04,0.46,6.04,-0.24,0.0095,0.18,0,0,2,5.58
3187905113,39:00.0,10858,371241100,6.26,0.48,6.26,-0.24,0.0095,0.18,0,0,2,5.78
3188070661,26:00.0,9839,179913900,6.13,0.25,6.13,-0.24,0.0095,0.18,0,0,2,5.88
3188070664,39:00.0,9839,179913900,6.37,0.49,6.37,-0.24,0.0095,0.18,0,0,2,5.88
3188070666,02:00.0,9839,179913900,6.04,0.46,6.04,-0.24,0.0095,0.18,0,0,2,5.58
3188070777,33:00.0,12054,482565900,6.25,0.37,6.25,-0.24,0.0095,0.18,0,0,2,5.88
3188070910,01:00.0,12415,515217800,6.26,0.48,6.26,-0.24,0.0095,0.18,0,0,2,5.78
3188070924,31:00.0,11130,407447200,6.4,0.4,6.4,-0.24,0.0095,0.18,0,0,2,6
3188070926,59:00.0,11130,407447200,6.06,0.38,6.06,-0.24,0.0095,0.18,0,0,2,5.68
3188070979,39:00.0,12054,482565900,6.57,0.39,6.57,-0.24,0.0095,0.18,0,0,2,6.18
3188070981,18:00.0,12054,482565900,5.82,0.34,5.82,-0.24,0.0095,0.18,0,0,2,5.48
3188070985,43:00.0,12054,482565900,6.32,0.14,6.32,-0.24,0.0095,0.18,0,0,2,6.18
3188071063,06:00.0,12218,533207700,6.25,0.37,6.25,-0.24,0.0095,0.18,0,0,2,5.88
3188071111,46:00.0,12441,696431600,5.85,0.46,5.85,-0.24,0.0095,0.18,0,0,2,5.39
3188071112,14:00.0,12441,696431600,6.77,0.54,6.77,-0.24,0.0095,0.18,0,0,2,6.23
3188071113,41:00.0,12441,696431600,6.44,0.51,6.44,-0.24,0.0095,0.18,0,0,2,5.93
3188071114,51:00.0,12441,696431600,5.85,0.46,5.85,-0.24,0.0095,0.18,0,0,2,5.39
3188071138,38:00.0,12415,515217800,6.31,0.23,6.31,-0.24,0.0095,0.18,0,0,2,6.08
3188071141,44:00.0,12415,515217800,6.37,0.49,6.37,-0.24,0.0095,0.18,0,0,2,5.88
3188071174,26:00.0,14478,983413600,6.47,0.49,6.47,-0.24,0.0095,0.18,0,0,2,5.98
3188071211,52:00.0,14478,983413600,6.47,0.49,6.47,-0.24,0.0095,0.18,0,0,2,5.98
3188071340,15:00.0,13572,875603300,6.41,0.18,6.41,-0.24,0.0095,0.18,0,0,2,6.23
3188071347,18:00.0,13572,875603300,6.29,0.46,6.29,-0.24,0.0095,0.18,0,0,2,5.83
3188071348,08:00.0,13572,875603300,6.54,0.44,6.54,-0.24,0.0095,0.18,0,0,2,6.1
3188071349,56:00.0,13572,875603300,6.22,0.24,6.22,-0.24,0.0095,0.18,0,0,2,5.98
3188071470,27:00.0,14552,970928800,6.59,0.31,6.59,-0.24,0.0095,0.18,0,0,2,6.28
3188071499,46:00.0,14345,936038900,6.47,0.49,6.47,-0.24,0.0095,0.18,0,0,2,5.98
3188071500,59:00.0,14345,936038900,6.26,0.48,6.26,-0.24,0.0095,0.18,0,0,2,5.78
3188071510,13:00.0,12982,651880700,5.79,0.21,5.79,-0.24,0.0095,0.18,0,0,2,5.58
3188071513,26:00.0,12982,651880700,5.79,0.21,5.79,-0.24,0.0095,0.18,0,0,2,5.58
3188071588,18:00.0,14552,970928800,6.04,0.46,6.04,-0.24,0.0095,0.18,0,0,2,5.58
3188071622,18:00.0,9745,124795600,6.58,0.1,6.58,-0.24,0.0095,0.18,0,0,2,6.48
3188071651,26:00.0,14552,970928800,6.26,0.48,6.26,-0.24,0.0095,0.18,0,0,2,5.78
3188071714,06:00.0,9839,179913900,6.26,0.48,6.26,-0.24,0.0095,0.18,0,0,2,5.78
3188071736,09:00.0,9709,117023200,6.37,0.09,6.37,-0.24,0.0095,0.18,0,0,2,6.28
3188071740,42:00.0,9709,117023200,6.27,0.39,6.27,-0.24,0.0095,0.18,0,0,2,5.88
3188071768,32:00.0,14472,933411100,6.46,0.48,6.46,-0.24,0.0095,0.18,0,0,2,5.98
3187953732,09:00.0,9231,49607500,5.82,0.14,5.82,-0.24,0.0095,0.18,0,0,2,5.68
3187953733,19:00.0,9231,49607500,6.13,0.05,6.13,-0.24,0.0095,0.18,0,0,2,6.08
3187953789,37:00.0,12017,501837900,6.48,0.2,6.48,-0.24,0.0095,0.18,0,0,2,6.28
3187953791,15:00.0,12017,501837900,6.2,0.21,6.2,-0.24,0.0095,0.18,0,0,2,5.99
3187953842,00:00.0,12850,791602600,5.97,0.39,5.97,-0.24,0.0095,0.18,0,0,2,5.58
3187954088,31:00.0,11412,494407000,6.58,0.5,6.58,-0.24,0.0095,0.18,0,0,2,6.08
3187954180,14:00.0,9779,219784600,6.05,0.47,6.05,-0.24,0.0095,0.18,0,0,2,5.58
3187954184,02:00.0,9779,219784600,6.37,0.09,6.37,-0.24,0.0095,0.18,0,0,2,6.28
3187954188,23:00.0,9779,219784600,5.97,0.09,5.97,-0.24,0.0095,0.18,0,0,2,5.88
3187954189,50:00.0,9779,219784600,6.05,0.47,6.05,-0.24,0.0095,0.18,0,0,2,5.58
3187954278,12:00.0,9949,209517200,6.69,0.51,6.69,-0.24,0.0095,0.18,0,0,2,6.18
3187954494,36:00.0,11795,548710300,5.88,0.4,5.88,-0.24,0.0095,0.18,0,0,2,5.48
3187954524,00:00.0,9724,165573700,5.93,0.45,5.93,-0.24,0.0095,0.18,0,0,2,5.48
3187954528,06:00.0,9724,165573700,5.82,0.44,5.82,-0.24,0.0095,0.18,0,0,2,5.38
3187954529,10:00.0,9724,165573700,6.04,0.46,6.04,-0.24,0.0095,0.18,0,0,2,5.58
3187954612,50:00.0,9949,209517200,6.8,0.52,6.8,-0.24,0.0095,0.18,0,0,2,6.28
3187954684,07:00.0,12320,706240900,5.82,0.44,5.82,-0.24,0.0095,0.18,0,0,2,5.38
3187954794,48:00.0,12320,706240900,6.8,0.52,6.8,-0.24,0.0095,0.18,0,0,2,6.28
3187954806,17:00.0,9231,49607500,5.92,0.14,5.92,-0.24,0.0095,0.18,0,0,2,5.78
3187955002,37:00.0,9273,55678700,6.44,0.36,6.44,-0.24,0.0095,0.18,0,0,2,6.08
3187955044,18:00.0,10780,317081800,5.93,0.45,5.93,-0.24,0.0095,0.18,0,0,2,5.48
3187955046,05:00.0,10780,317081800,6.36,0.18,6.36,-0.24,0.0095,0.18,0,0,2,6.18
3187955106,28:00.0,12320,706240900,6.04,0.46,6.04,-0.24,0.0095,0.18,0,0,2,5.58
3187955115,07:00.0,10616,307514000,6.69,0.51,6.69,-0.24,0.0095,0.18,0,0,2,6.18
3187955205,27:00.0,13775,958712200,5.83,0.15,5.83,-0.24,0.0095,0.18,0,0,2,5.68
3187955210,02:00.0,13775,958712200,6.68,0.51,6.68,-0.24,0.0095,0.18,0,0,2,6.17
3187955219,08:00.0,13775,958712200,6.5,0.5,6.5,-0.24,0.0095,0.18,0,0,2,6
3187955347,35:00.0,14156,855188900,6.54,0.26,6.54,-0.24,0.0095,0.18,0,0,2,6.28
3187955350,41:00.0,14156,855188900,6.29,0.51,6.29,-0.24,0.0095,0.18,0,0,2,5.78
3187955378,44:00.0,12768,605532100,6.23,0.45,6.23,-0.24,0.0095,0.18,0,0,2,5.78
3187955529,55:00.0,13425,882674500,6.18,0.3,6.18,-0.24,0.0095,0.18,0,0,2,5.88
3187955530,44:00.0,13425,882674500,6.15,0.47,6.15,-0.24,0.0095,0.18,0,0,2,5.68
3187955546,09:00.0,11795,548710300,6.84,0.26,6.84,-0.24,0.0095,0.18,0,0,2,6.58
3187955547,02:00.0,11795,548710300,5.98,0.4,5.98,-0.24,0.0095,0.18,0,0,2,5.58
3187955548,44:00.0,11795,548710300,6.67,0.19,6.67,-0.24,0.0095,0.18,0,0,2,6.48
3187955666,41:00.0,13425,882674500,6.5,0.5,6.5,-0.24,0.0095,0.18,0,0,2,6
3187955670,22:00.0,13425,882674500,6.05,0.27,6.05,-0.24,0.0095,0.18,0,0,2,5.78
3187955672,32:00.0,13425,882674500,5.88,0.3,5.88,-0.24,0.0095,0.18,0,0,2,5.58
3187955710,48:00.0,10261,272641200,5.81,0.43,5.81,-0.24,0.0095,0.18,0,0,2,5.38
3187955799,55:00.0,11869,608104600,6.64,0.26,6.64,-0.24,0.0095,0.18,0,0,2,6.38
3187955800,12:00.0,11869,608104600,6.51,0.33,6.51,-0.24,0.0095,0.18,0,0,2,6.18
3187955801,06:00.0,11869,608104600,6.32,0.32,6.32,-0.24,0.0095,0.18,0,0,2,6
3187955802,04:00.0,11869,608104600,6.57,0.33,6.57,-0.24,0.0095,0.18,0,0,2,6.24
3187955957,45:00.0,12567,601823800,6.22,0.47,6.22,-0.24,0.0095,0.18,0,0,2,5.75
3187955992,53:00.0,13425,882674500,6.8,0.52,6.8,-0.24,0.0095,0.18,0,0,2,6.28
3187956031,19:00.0,12480,578678500,5.82,0.44,5.82,-0.24,0.0095,0.18,0,0,2,5.38
3187956150,40:00.0,11447,448646000,6.38,0.3,6.38,-0.24,0.0095,0.18,0,0,2,6.08
3187956178,44:00.0,13026,825800600,6.4,0.41,6.4,-0.24,0.0095,0.18,0,0,2,5.99
3187956186,46:00.0,9724,165573700,6.8,0.52,6.8,-0.24,0.0095,0.18,0,0,2,6.28
3187956548,25:00.0,12567,601823800,5.95,0.45,5.95,-0.24,0.0095,0.18,0,0,2,5.5
3187956551,08:00.0,12567,601823800,6.8,0.52,6.8,-0.24,0.0095,0.18,0,0,2,6.28
3187956572,07:00.0,11881,470609900,6.25,0.47,6.25,-0.24,0.0095,0.18,0,0,2,5.78
3187956609,20:00.0,13738,829138700,6.15,0.47,6.15,-0.24,0.0095,0.18,0,0,2,5.68
3187956621,33:00.0,11447,448646000,6.04,0.46,6.04,-0.24,0.0095,0.18,0,0,2,5.58
3187956622,04:00.0,11447,448646000,6.04,0.46,6.04,-0.24,0.0095,0.18,0,0,2,5.58
3187956625,21:00.0,11447,448646000,5.93,0.45,5.93,-0.24,0.0095,0.18,0,0,2,5.48
3187956797,45:00.0,12567,601823800,6.79,0.21,6.79,-0.24,0.0095,0.18,0,0,2,6.58
3187956875,33:00.0,13738,829138700,5.79,0.21,5.79,-0.24,0.0095,0.18,0,0,2,5.58
3187956878,45:00.0,13738,829138700,6.15,0.47,6.15,-0.24,0.0095,0.18,0,0,2,5.68
3187956879,03:00.0,13738,829138700,6.65,0.27,6.65,-0.24,0.0095,0.18,0,0,2,6.38
3187956924,18:00.0,11864,452337900,6.58,0.4,6.58,-0.24,0.0095,0.18,0,0,2,6.18
3187957067,52:00.0,11977,461550600,5.97,0.09,5.97,-0.24,0.0095,0.18,0,0,2,5.88
3187957069,53:00.0,11977,461550600,5.79,0.31,5.79,-0.24,0.0095,0.18,0,0,2,5.48
3187957071,32:00.0,11977,461550600,6.1,0.22,6.1,-0.24,0.0095,0.18,0,0,2,5.88
3187957167,51:00.0,11898,474632700,6.23,0.25,6.23,-0.24,0.0095,0.18,0,0,2,5.98
3187957172,11:00.0,9551,117653600,6.04,0.46,6.04,-0.24,0.0095,0.18,0,0,2,5.58
3187957234,43:00.0,9766,164067100,6.52,0.24,6.52,-0.24,0.0095,0.18,0,0,2,6.28
3187957251,02:00.0,13257,689421600,5.93,0.45,5.93,-0.24,0.0095,0.18,0,0,2,5.48
3187957252,36:00.0,13257,689421600,6.5,0.5,6.5,-0.24,0.0095,0.18,0,0,2,6
3187957253,13:00.0,13257,689421600,5.82,0.44,5.82,-0.24,0.0095,0.18,0,0,2,5.38
3187957576,21:00.0,11977,461550600,5.79,0.31,5.79,-0.24,0.0095,0.18,0,0,2,5.48
3187957734,33:00.0,13738,829138700,6.47,0.49,6.47,-0.24,0.0095,0.18,0,0,2,5.98
3187957737,33:00.0,13738,829138700,6.47,0.49,6.47,-0.24,0.0095,0.18,0,0,2,5.98
3187957756,13:00.0,12924,630397800,6.26,0.08,6.26,-0.24,0.0095,0.18,0,0,2,6.18
3187957759,25:00.0,12924,630397800,6.5,0.22,6.5,-0.24,0.0095,0.18,0,0,2,6.28
3187957922,53:00.0,13822,934063900,6.83,0.15,6.83,-0.24,0.0095,0.18,0,0,2,6.68
3187957926,45:00.0,13822,934063900,6.42,0.42,6.42,-0.24,0.0095,0.18,0,0,2,6
3187957964,40:00.0,9724,165573700,6.47,0.49,6.47,-0.24,0.0095,0.18,0,0,2,5.98
3187957965,49:00.0,9724,165573700,6.47,0.49,6.47,-0.24,0.0095,0.18,0,0,2,5.98
3187957966,09:00.0,9724,165573700,6.47,0.49,6.47,-0.24,0.0095,0.18,0,0,2,5.98
3187958023,29:00.0,13253,817260300,6.47,0.49,6.47,-0.24,0.0095,0.18,0,0,2,5.98
3187958091,53:00.0,12007,467131900,5.91,0.33,5.91,-0.24,0.0095,0.18,0,0,2,5.58
3187958129,52:00.0,13675,940827900,5.92,0.24,5.92,-0.24,0.0095,0.18,0,0,2,5.68
3187958149,44:00.0,11720,591405600,6.26,0.48,6.26,-0.24,0.0095,0.18,0,0,2,5.78
3187958159,39:00.0,9551,117653600,6.47,0.49,6.47,-0.24,0.0095,0.18,0,0,2,5.98
3187958226,06:00.0,12407,723695300,6.47,0.49,6.47,-0.24,0.0095,0.18,0,0,2,5.98
3187958275,09:00.0,11604,548781400,5.88,0.3,5.88,-0.24,0.0095,0.18,0,0,2,5.58
3187958328,33:00.0,9738,199647900,6.26,0.48,6.26,-0.24,0.0095,0.18,0,0,2,5.78
3187958329,02:00.0,9738,199647900,6.26,0.48,6.26,-0.24,0.0095,0.18,0,0,2,5.78
3187958341,32:00.0,9551,117653600,6.47,0.49,6.47,-0.24,0.0095,0.18,0,0,2,5.98
3187958479,32:00.0,10616,307514000,6.47,0.49,6.47,-0.24,0.0095,0.18,0,0,2,5.98
3187958493,06:00.0,14502,993758200,6.23,0.44,6.23,-0.24,0.0095,0.18,0,0,2,5.79
3187958526,17:00.0,10778,283251700,5.9,0.22,5.9,-0.24,0.0095,0.18,0,0,2,5.68
3187958601,40:00.0,12320,706240900,6.26,0.48,6.26,-0.24,0.0095,0.18,0,0,2,5.78
3187958613,51:00.0,9487,56525900,6.46,0.48,6.46,-0.24,0.0095,0.18,0,0,2,5.98
3187958615,43:00.0,9487,56525900,6.46,0.48,6.46,-0.24,0.0095,0.18,0,0,2,5.98
3187958665,50:00.0,11447,448646000,6.26,0.48,6.26,-0.24,0.0095,0.18,0,0,2,5.78
3187958893,33:00.0,12480,578678500,6.26,0.48,6.26,-0.24,0.0095,0.18,0,0,2,5.78
3187958907,07:00.0,9834,189125800,6.26,0.48,6.26,-0.24,0.0095,0.18,0,0,2,5.78
3187958971,21:00.0,13425,882674500,6.26,0.48,6.26,-0.24,0.0095,0.18,0,0,2,5.78
3187958974,33:00.0,13425,882674500,6.26,0.48,6.26,-0.24,0.0095,0.18,0,0,2,5.78
3187959018,07:00.0,13026,825800600,6.26,0.48,6.26,-0.24,0.0095,0.18,0,0,2,5.78
3187959034,15:00.0,11977,461550600,6.5,0.48,6.5,-0.24,0.0095,0.18,0,0,2,6.02
3187959055,25:00.0,12567,601823800,6.26,0.48,6.26,-0.24,0.0095,0.18,0,0,2,5.78
3187959065,45:00.0,10616,307514000,6.26,0.48,6.26,-0.24,0.0095,0.18,0,0,2,5.78
3187959074,23:00.0,10778,283251700,6.47,0.49,6.47,-0.24,0.0095,0.18,0,0,2,5.98
3187959163,06:00.0,13775,958712200,6.47,0.49,6.47,-0.24,0.0095,0.18,0,0,2,5.98
3187959362,22:00.0,10778,283251700,6.26,0.48,6.26,-0.24,0.0095,0.18,0,0,2,5.78
3187959382,36:00.0,13026,825800600,6.26,0.48,6.26,-0.24,0.0095,0.18,0,0,2,5.78
3187959560,16:00.0,13257,689421600,6.26,0.48,6.26,-0.24,0.0095,0.18,0,0,2,5.78
3187959756,16:00.0,13775,958712200,6.26,0.48,6.26,-0.24,0.0095,0.18,0,0,2,5.78
3188071981,54:00.0,14035,899157200,6.19,0.21,6.19,-0.24,0.0095,0.18,0,0,2,5.98
3188072127,54:00.0,12439,594547200,6.8,0.52,6.8,-0.24,0.0095,0.18,0,0,2,6.28
3188072132,31:00.0,12054,482565900,6.25,0.37,6.25,-0.24,0.0095,0.18,0,0,2,5.88
3188072213,32:00.0,14484,944914100,6.69,0.21,6.69,-0.24,0.0095,0.18,0,0,2,6.48
3188072238,56:00.0,13383,699900700,6.47,0.49,6.47,-0.24,0.0095,0.18,0,0,2,5.98
3188072256,01:00.0,13601,741291900,6,0.39,6,-0.24,0.0095,0.18,0,0,2,5.61
3188072258,25:00.0,13601,741291900,6.43,0.45,6.43,-0.24,0.0095,0.18,0,0,2,5.98
3188072351,42:00.0,9164,23206600,6.26,0.48,6.26,-0.24,0.0095,0.18,0,0,2,5.78
3188072421,07:00.0,13383,699900700,6.23,0.25,6.23,-0.24,0.0095,0.18,0,0,2,5.98
3188072475,42:00.0,10483,309664100,6.78,0.1,6.78,-0.24,0.0095,0.18,0,0,2,6.68
3188072492,13:00.0,13464,891053100,5.93,0.35,5.93,-0.24,0.0095,0.18,0,0,2,5.58
3188072560,33:00.0,13464,891053100,6.57,0.39,6.57,-0.24,0.0095,0.18,0,0,2,6.18
3188072577,02:00.0,13464,891053100,5.83,0.05,5.83,-0.24,0.0095,0.18,0,0,2,5.78
3188072579,27:00.0,13464,891053100,5.79,0.62,5.79,-0.24,0.0095,0.18,0,0,2,5.17
3188072669,03:00.0,9701,171975600,6.58,0.1,6.58,-0.24,0.0095,0.18,0,0,2,6.48
3188072693,25:00.0,9701,171975600,6.68,0.1,6.68,-0.24,0.0095,0.18,0,0,2,6.58
3188072894,36:00.0,12439,594547200,6.26,0.48,6.26,-0.24,0.0095,0.18,0,0,2,5.78
3188072895,28:00.0,12439,594547200,6.26,0.48,6.26,-0.24,0.0095,0.18,0,0,2,5.78
3188072913,34:00.0,14472,933411100,6.67,0.48,6.67,-0.24,0.0095,0.18,0,0,2,6.19
3188072927,12:00.0,12678,589818400,5.82,0.34,5.82,-0.24,0.0095,0.18,0,0,2,5.48
3188072929,18:00.0,12678,589818400,6.35,0.37,6.35,-0.24,0.0095,0.18,0,0,2,5.98
3188072991,19:00.0,12415,515217800,6.69,0.51,6.69,-0.24,0.0095,0.18,0,0,2,6.18
3188072993,48:00.0,12415,515217800,6.04,0.46,6.04,-0.24,0.0095,0.18,0,0,2,5.58
3188073052,30:00.0,11017,436191100,6.15,0.17,6.15,-0.24,0.0095,0.18,0,0,2,5.98
3188073066,13:00.0,13969,979796000,6.26,0.48,6.26,-0.24,0.0095,0.18,0,0,2,5.78
3188073069,37:00.0,9791,166462200,6.18,0.2,6.18,-0.24,0.0095,0.18,0,0,2,5.98
3188073074,05:00.0,9791,166462200,5.96,0.38,5.96,-0.24,0.0095,0.18,0,0,2,5.58
3188073126,51:00.0,13017,824169700,6.24,0.46,6.24,-0.24,0.0095,0.18,0,0,2,5.78
3188073270,17:00.0,9791,166462200,6.17,0.39,6.17,-0.24,0.0095,0.18,0,0,2,5.78
3188073271,10:00.0,9791,166462200,6.38,0.4,6.38,-0.24,0.0095,0.18,0,0,2,5.98
3188073272,47:00.0,9791,166462200,5.84,0.37,5.84,-0.24,0.0095,0.18,0,0,2,5.47
3188073273,19:00.0,9791,166462200,6.49,0.41,6.49,-0.24,0.0095,0.18,0,0,2,6.08
3188073354,20:00.0,9791,166462200,6.38,0.4,6.38,-0.24,0.0095,0.18,0,0,2,5.98
3188073361,28:00.0,9791,166462200,6.36,0.4,6.36,-0.24,0.0095,0.18,0,0,2,5.96
3188073391,00:00.0,11986,603700600,6.04,0.46,6.04,-0.24,0.0095,0.18,0,0,2,5.58
3188073442,31:00.0,9791,166462200,5.85,0.37,5.85,-0.24,0.0095,0.18,0,0,2,5.48
3188073445,17:00.0,9791,166462200,6.05,0.27,6.05,-0.24,0.0095,0.18,0,0,2,5.78
3188073474,25:00.0,14179,946106200,6.25,0.46,6.25,-0.24,0.0095,0.18,0,0,2,5.79
3188073477,50:00.0,14179,946106200,6.04,0.16,6.04,-0.24,0.0095,0.18,0,0,2,5.88
3188073553,26:00.0,11986,603700600,6.37,0.49,6.37,-0.24,0.0095,0.18,0,0,2,5.88
3188073561,01:00.0,11986,603700600,5.99,0.21,5.99,-0.24,0.0095,0.18,0,0,2,5.78
3188073587,43:00.0,13484,920599800,6.47,0.49,6.47,-0.24,0.0095,0.18,0,0,2,5.98
3188073589,40:00.0,13484,920599800,6.53,0.25,6.53,-0.24,0.0095,0.18,0,0,2,6.28
3188073617,36:00.0,12678,589818400,6.74,0.16,6.74,-0.24,0.0095,0.18,0,0,2,6.58
3188073621,43:00.0,12678,589818400,6.14,0.36,6.14,-0.24,0.0095,0.18,0,0,2,5.78
3188073683,17:00.0,9791,166462200,6.17,0.39,6.17,-0.24,0.0095,0.18,0,0,2,5.78
3188073876,13:00.0,14401,905265500,5.82,0.14,5.82,-0.24,0.0095,0.18,0,0,2,5.68
3188073890,31:00.0,9651,151926300,6.36,0.18,6.36,-0.24,0.0095,0.18,0,0,2,6.18
3188073915,16:00.0,12417,585024300,6.01,0.23,6.01,-0.24,0.0095,0.18,0,0,2,5.78
3188073967,46:00.0,11923,492303300,6.05,0.47,6.05,-0.24,0.0095,0.18,0,0,2,5.58
3188074048,16:00.0,12527,583867700,6.41,0.43,6.41,-0.24,0.0095,0.18,0,0,2,5.98
3188074163,13:00.0,10621,309194900,6.4,0.42,6.4,-0.24,0.0095,0.18,0,0,2,5.98
3188074165,23:00.0,11954,486667900,6.25,0.17,6.25,-0.24,0.0095,0.18,0,0,2,6.08
3188074166,00:00.0,11954,486667900,5.95,0.45,5.95,-0.24,0.0095,0.18,0,0,2,5.5
3188074232,02:00.0,11954,486667900,6.47,0.49,6.47,-0.24,0.0095,0.18,0,0,2,5.98
3188074355,45:00.0,9651,151926300,6.26,0.48,6.26,-0.24,0.0095,0.18,0,0,2,5.78
3188074359,44:00.0,9651,151926300,6.47,0.49,6.47,-0.24,0.0095,0.18,0,0,2,5.98
3188074360,29:00.0,9651,151926300,6.15,0.47,6.15,-0.24,0.0095,0.18,0,0,2,5.68
3188074361,20:00.0,9651,151926300,6.04,0.46,6.04,-0.24,0.0095,0.18,0,0,2,5.58
3188074364,47:00.0,9651,151926300,6.51,0.23,6.51,-0.24,0.0095,0.18,0,0,2,6.28
3188074425,01:00.0,13496,927524900,6.05,0.47,6.05,-0.24,0.0095,0.18,0,0,2,5.58
3188074574,52:00.0,13496,927524900,6.49,0.51,6.49,-0.24,0.0095,0.18,0,0,2,5.98
3188074576,27:00.0,13496,927524900,6.05,0.47,6.05,-0.24,0.0095,0.18,0,0,2,5.58
3188074708,58:00.0,13496,927524900,5.97,0.09,5.97,-0.24,0.0095,0.18,0,0,2,5.88
3188076125,16:00.0,11954,486667900,6.47,0.49,6.47,-0.24,0.0095,0.18,0,0,2,5.98
3188076126,35:00.0,11954,486667900,6.26,0.48,6.26,-0.24,0.0095,0.18,0,0,2,5.78
3188076127,07:00.0,11954,486667900,6.69,0.21,6.69,-0.24,0.0095,0.18,0,0,2,6.48
3187860943,23:00.0,11771,587209800,13.33,0.67,13.33,-0.31,0.0095,0.18,0,0,2,12.66
3187862077,33:00.0,9380,66065400,14.15,0.93,14.15,-0.31,0.0095,0.18,0,0,2,13.22
3187864195,51:00.0,14111,855106100,14.02,0.94,14.02,-0.31,0.0095,0.18,0,0,2,13.08
3187864343,44:00.0,14111,855106100,13.42,1,13.42,-0.31,0.0095,0.18,0,0,2,12.42
3187899320,41:00.0,14445,925965600,13.64,1.04,13.64,-0.31,0.0095,0.18,0,0,2,12.6
3187900594,15:00.0,14445,925965600,14.05,1.07,14.05,-0.31,0.0095,0.18,0,0,2,12.98
3187900809,44:00.0,14445,925965600,14.07,1.07,14.07,-0.31,0.0095,0.18,0,0,2,13
3187903062,05:00.0,15894,666381900,13.69,1.04,13.69,-0.31,0.0095,0.18,0,0,2,12.65
3187903065,17:00.0,15894,666381900,13.75,1.05,13.75,-0.31,0.0095,0.18,0,0,2,12.7
3187903448,59:00.0,15894,666381900,13.64,1.04,13.64,-0.31,0.0095,0.18,0,0,2,12.6
3187903518,16:00.0,15894,666381900,14.05,1.07,14.05,-0.31,0.0095,0.18,0,0,2,12.98
3187903886,12:00.0,9218,49452600,13.42,1.02,13.42,-0.31,0.0095,0.18,0,0,2,12.4
3187903979,58:00.0,9218,49452600,13.9,1.06,13.9,-0.31,0.0095,0.18,0,0,2,12.84
3187905161,31:00.0,11933,612487900,14.05,1.07,14.05,-0.31,0.0095,0.18,0,0,2,12.98
3187905162,43:00.0,11933,612487900,14.05,1.07,14.05,-0.31,0.0095,0.18,0,0,2,12.98
3187905280,22:00.0,11933,612487900,13.74,1.05,13.74,-0.31,0.0095,0.18,0,0,2,12.69
3187905327,29:00.0,10858,371241100,13.86,1.06,13.86,-0.31,0.0095,0.18,0,0,2,12.8
3187905964,18:00.0,11706,422213900,13.42,1.02,13.42,-0.31,0.0095,0.18,0,0,2,12.4
3187946649,37:00.0,13784,773838800,13.35,0.99,13.35,-0.31,0.0095,0.18,0,0,2,12.36
3187946750,20:00.0,11720,591405600,13.39,0.91,13.39,-0.31,0.0095,0.18,0,0,2,12.48
3187946823,23:00.0,11795,548710300,14.18,0.96,14.18,-0.31,0.0095,0.18,0,0,2,13.22
3187946828,12:00.0,11795,548710300,14.07,0.95,14.07,-0.31,0.0095,0.18,0,0,2,13.12
3187946830,40:00.0,11795,548710300,13.16,0.89,13.16,-0.31,0.0095,0.18,0,0,2,12.27
3187946906,07:00.0,13253,817260300,13.51,1.03,13.51,-0.31,0.0095,0.18,0,0,2,12.48
3187946938,02:00.0,13216,667234900,13.74,0.52,13.74,-0.31,0.0095,0.18,0,0,2,13.22
3187947119,39:00.0,9949,209517200,13.58,0.62,13.58,-0.31,0.0095,0.18,0,0,2,12.96
3187947198,54:00.0,13713,911651800,13.85,0.91,13.85,-0.31,0.0095,0.18,0,0,2,12.94
3187947228,57:00.0,10616,307514000,13.39,0.91,13.39,-0.31,0.0095,0.18,0,0,2,12.48
3187947232,09:00.0,14156,855188900,13.69,1.1,13.69,-0.31,0.0095,0.18,0,0,2,12.59
3187947293,45:00.0,13775,958712200,13.25,1.01,13.25,-0.31,0.0095,0.18,0,0,2,12.24
3187947317,30:00.0,9487,56525900,13.81,1.02,13.81,-0.31,0.0095,0.18,0,0,2,12.79
3187947319,29:00.0,9487,56525900,13.6,1.01,13.6,-0.31,0.0095,0.18,0,0,2,12.59
3187947541,35:00.0,12407,723695300,14.05,1.07,14.05,-0.31,0.0095,0.18,0,0,2,12.98
3187947680,02:00.0,11447,448646000,14.14,1.08,14.14,-0.31,0.0095,0.18,0,0,2,13.06
3187947686,08:00.0,11447,448646000,13.16,1,13.16,-0.31,0.0095,0.18,0,0,2,12.16
3187947689,50:00.0,13026,825800600,13.4,1.02,13.4,-0.31,0.0095,0.18,0,0,2,12.38
3187947742,41:00.0,12480,578678500,13.23,1.01,13.23,-0.31,0.0095,0.18,0,0,2,12.22
3187947743,18:00.0,12480,578678500,13.62,1.11,13.62,-0.31,0.0095,0.18,0,0,2,12.51
3187947809,14:00.0,9551,117653600,14.05,1.07,14.05,-0.31,0.0095,0.18,0,0,2,12.98
3187947851,56:00.0,13738,829138700,13.38,1.02,13.38,-0.31,0.0095,0.18,0,0,2,12.36
3187948051,03:00.0,11977,461550600,13.89,1.03,13.89,-0.31,0.0095,0.18,0,0,2,12.86
3187948168,16:00.0,12480,578678500,13.51,1.03,13.51,-0.31,0.0095,0.18,0,0,2,12.48
3187948169,06:00.0,12480,578678500,13.23,1.01,13.23,-0.31,0.0095,0.18,0,0,2,12.22
3187948239,09:00.0,11977,461550600,13.42,1,13.42,-0.31,0.0095,0.18,0,0,2,12.42
3187948245,49:00.0,11977,461550600,13.58,1,13.58,-0.31,0.0095,0.18,0,0,2,12.58
3187948263,42:00.0,10778,283251700,14.05,1.07,14.05,-0.31,0.0095,0.18,0,0,2,12.98
3187948376,09:00.0,10780,317081800,13.9,1.06,13.9,-0.31,0.0095,0.18,0,0,2,12.84
3187948438,05:00.0,11869,608104600,13.71,0.69,13.71,-0.31,0.0095,0.18,0,0,2,13.02
3187948499,39:00.0,10070,204144000,13.74,0.52,13.74,-0.31,0.0095,0.18,0,0,2,13.22
3187948611,41:00.0,12567,601823800,13.55,1.03,13.55,-0.31,0.0095,0.18,0,0,2,12.52
3187948871,14:00.0,9564,114914500,13.6,1.01,13.6,-0.31,0.0095,0.18,0,0,2,12.59
3187949156,43:00.0,11731,429831100,13.18,0.55,13.18,-0.31,0.0095,0.18,0,0,2,12.63
3187949171,17:00.0,11604,548781400,14.17,0.99,14.17,-0.31,0.0095,0.18,0,0,2,13.18
3187949233,13:00.0,14502,993758200,13.47,0.88,13.47,-0.31,0.0095,0.18,0,0,2,12.59
3188051644,41:00.0,12415,515217800,13.23,1.01,13.23,-0.31,0.0095,0.18,0,0,2,12.22
3188051649,50:00.0,12415,515217800,13.55,1.03,13.55,-0.31,0.0095,0.18,0,0,2,12.52
3188051755,54:00.0,12415,515217800,14.05,1.07,14.05,-0.31,0.0095,0.18,0,0,2,12.98
3188052277,01:00.0,14581,970314100,14.2,1.08,14.2,-0.31,0.0095,0.18,0,0,2,13.12
3188052280,26:00.0,14581,970314100,13.7,0.82,13.7,-0.31,0.0095,0.18,0,0,2,12.88
3188052358,56:00.0,9839,179913900,13.55,1.03,13.55,-0.31,0.0095,0.18,0,0,2,12.52
3188052359,27:00.0,9839,179913900,13.99,1.13,13.99,-0.31,0.0095,0.18,0,0,2,12.86
3188052376,51:00.0,12054,482565900,13.22,0.78,13.22,-0.31,0.0095,0.18,0,0,2,12.44
3188052377,45:00.0,12054,482565900,14,0.82,14,-0.31,0.0095,0.18,0,0,2,13.18
3188052629,49:00.0,10915,344099700,13.86,1.06,13.86,-0.31,0.0095,0.18,0,0,2,12.8
3188052630,55:00.0,10915,344099700,13.86,1.06,13.86,-0.31,0.0095,0.18,0,0,2,12.8
3188052892,01:00.0,9745,124795600,14.19,0.93,14.19,-0.31,0.0095,0.18,0,0,2,13.26
3188052925,57:00.0,14478,983413600,13.9,1.06,13.9,-0.31,0.0095,0.18,0,0,2,12.84
3188052932,05:00.0,9745,124795600,13.35,0.87,13.35,-0.31,0.0095,0.18,0,0,2,12.48
3188052935,53:00.0,9745,124795600,13.29,0.87,13.29,-0.31,0.0095,0.18,0,0,2,12.42
3188053196,14:00.0,13601,741291900,13.4,0.82,13.4,-0.31,0.0095,0.18,0,0,2,12.58
3188053198,47:00.0,13601,741291900,13.82,0.84,13.82,-0.31,0.0095,0.18,0,0,2,12.98
3188053290,08:00.0,9791,166462200,13.49,0.85,13.49,-0.31,0.0095,0.18,0,0,2,12.64
3188053371,35:00.0,14252,877214700,14.05,1.07,14.05,-0.31,0.0095,0.18,0,0,2,12.98
3188053372,22:00.0,14252,877214700,14.16,1.08,14.16,-0.31,0.0095,0.18,0,0,2,13.08
3188053388,47:00.0,14252,877214700,13.7,1.04,13.7,-0.31,0.0095,0.18,0,0,2,12.66
3188053414,33:00.0,14472,933411100,13.55,1,13.55,-0.31,0.0095,0.18,0,0,2,12.55
3188053419,11:00.0,14472,933411100,14.2,1.05,14.2,-0.31,0.0095,0.18,0,0,2,13.15
3188053536,32:00.0,14552,970928800,13.88,1.06,13.88,-0.31,0.0095,0.18,0,0,2,12.82
3188053573,56:00.0,11017,436191100,13.16,1,13.16,-0.31,0.0095,0.18,0,0,2,12.16
3188053610,04:00.0,9701,171975600,13.35,0.99,13.35,-0.31,0.0095,0.18,0,0,2,12.36
3188053612,16:00.0,9701,171975600,13.48,0.8,13.48,-0.31,0.0095,0.18,0,0,2,12.68
3188053617,12:00.0,9701,171975600,13.79,1.03,13.79,-0.31,0.0095,0.18,0,0,2,12.76
3188053733,18:00.0,11954,486667900,13.6,1.04,13.6,-0.31,0.0095,0.18,0,0,2,12.56
3188053735,04:00.0,11954,486667900,13.51,1.03,13.51,-0.31,0.0095,0.18,0,0,2,12.48
3188053737,24:00.0,11954,486667900,14.05,1.07,14.05,-0.31,0.0095,0.18,0,0,2,12.98
3188053760,32:00.0,9651,151926300,13.68,1.04,13.68,-0.31,0.0095,0.18,0,0,2,12.64
3188053772,04:00.0,14179,946106200,13.77,1.02,13.77,-0.31,0.0095,0.18,0,0,2,12.75
3188053778,54:00.0,9651,151926300,13.9,1.06,13.9,-0.31,0.0095,0.18,0,0,2,12.84
3188053818,50:00.0,11954,486667900,13.72,0.74,13.72,-0.31,0.0095,0.18,0,0,2,12.98
3188053833,33:00.0,13496,927524900,14.03,1.1,14.03,-0.31,0.0095,0.18,0,0,2,12.93
3188053836,45:00.0,13496,927524900,13.48,1.06,13.48,-0.31,0.0095,0.18,0,0,2,12.42
3188053862,05:00.0,13572,875603300,13.74,0.93,13.74,-0.31,0.0095,0.18,0,0,2,12.81
3188053865,27:00.0,13572,875603300,13.63,1.01,13.63,-0.31,0.0095,0.18,0,0,2,12.62
3188053885,20:00.0,14035,899157200,13.25,0.87,13.25,-0.31,0.0095,0.18,0,0,2,12.38
3188053899,34:00.0,13969,979796000,13.86,1.06,13.86,-0.31,0.0095,0.18,0,0,2,12.8
3188053921,23:00.0,11923,492303300,13.48,1.06,13.48,-0.31,0.0095,0.18,0,0,2,12.42
3188053922,20:00.0,11923,492303300,13.48,1.06,13.48,-0.31,0.0095,0.18,0,0,2,12.42
3188053946,35:00.0,9164,23206600,13.23,1.01,13.23,-0.31,0.0095,0.18,0,0,2,12.22
3188053982,38:00.0,12417,585024300,13.42,0.82,13.42,-0.31,0.0095,0.18,0,0,2,12.6
3188054171,05:00.0,12527,583867700,13.65,0.92,13.65,-0.31,0.0095,0.18,0,0,2,12.73
3188054380,44:00.0,13383,699900700,13.6,1.04,13.6,-0.31,0.0095,0.18,0,0,2,12.56
3188054381,57:00.0,14117,845125400,13.76,0.78,13.76,-0.31,0.0095,0.18,0,0,2,12.98
3188054413,14:00.0,10483,309664100,13.58,1,13.58,-0.31,0.0095,0.18,0,0,2,12.58
3188054600,21:00.0,14345,936038900,13.23,1.01,13.23,-0.31,0.0095,0.18,0,0,2,12.22
3188054633,25:00.0,14401,905265500,13.31,0.75,13.31,-0.31,0.0095,0.18,0,0,2,12.56
3188054634,24:00.0,14401,905265500,13.31,0.75,13.31,-0.31,0.0095,0.18,0,0,2,12.56
3188055345,48:00.0,11986,603700600,13.64,1.04,13.64,-0.31,0.0095,0.18,0,0,2,12.6
3188055380,14:00.0,11986,603700600,14.05,1.07,14.05,-0.31,0.0095,0.18,0,0,2,12.98
3188055383,58:00.0,11986,603700600,14.07,1.07,14.07,-0.31,0.0095,0.18,0,0,2,13
3188055384,02:00.0,11986,603700600,13.64,1.04,13.64,-0.31,0.0095,0.18,0,0,2,12.6
3187864194,21:00.0,14111,855106100,64.58,4.79,64.58,-0.79,0.0095,0.18,0,0,2,59.79
3187864875,08:00.0,14111,855106100,30.22,2.24,30.22,-0.47,0.0095,0.18,0,0,2,27.98
3187902538,57:00.0,15894,666381900,32.45,2.47,32.45,-0.49,0.0095,0.18,0,0,2,29.98
3187902739,04:00.0,15894,666381900,31.92,2.43,31.92,-0.48,0.0095,0.18,0,0,2,29.49
3187902965,00:00.0,9886,204989800,35.45,4.12,35.45,-0.52,0.0095,0.18,0,0,2,31.33
3187905049,42:00.0,10858,371241100,138.67,10.57,138.67,-1.5,0.0095,0.18,0,0,2,128.1
3187863332,16:00.0,14391,896033800,29.6,2.26,29.6,-0.46,0.0095,0.18,0,0,2,27.34
3187900106,21:00.0,11184,378018600,29.75,2.27,29.75,-0.46,0.0095,0.18,0,0,2,27.48
3187904042,09:00.0,9218,49452600,28.68,2.19,28.68,-0.45,0.0095,0.18,0,0,2,26.49
3187862109,36:00.0,14391,896033800,26.5,2.02,26.5,-0.43,0.0095,0.18,0,0,2,24.48
3187901561,04:00.0,11184,378018600,26.28,2,26.28,-0.43,0.0095,0.18,0,0,2,24.28
3187862811,06:00.0,14391,896033800,27.19,2.07,27.19,-0.44,0.0095,0.18,0,0,2,25.12
3187899834,01:00.0,14445,925965600,27.74,2.11,27.74,-0.44,0.0095,0.18,0,0,2,25.63
3187905155,32:00.0,11933,612487900,25.01,1.53,25.01,-0.42,0.0095,0.18,0,0,2,23.48
3187861121,57:00.0,10541,337362800,23.76,1.76,23.76,-0.41,0.0095,0.18,0,0,2,22
3187902953,07:00.0,15894,666381900,23.79,1.81,23.79,-0.41,0.0095,0.18,0,0,2,21.98
3187903483,31:00.0,15894,666381900,24.4,1.86,24.4,-0.41,0.0095,0.18,0,0,2,22.54
3187904588,34:00.0,11933,612487900,24,1.81,24,-0.41,0.0095,0.18,0,0,2,22.19
3187901554,13:00.0,9886,204989800,23.57,1.8,23.57,-0.4,0.0095,0.18,0,0,2,21.77
3187903981,32:00.0,9218,49452600,23.13,1.65,23.13,-0.4,0.0095,0.18,0,0,2,21.48
3187903150,21:00.0,9886,204989800,22.17,1.69,22.17,-0.39,0.0095,0.18,0,0,2,20.48
3187903484,10:00.0,15894,666381900,22.55,1.57,22.55,-0.39,0.0095,0.18,0,0,2,20.98
3187905154,48:00.0,11933,612487900,22,1.65,22,-0.39,0.0095,0.18,0,0,2,20.35
3187906069,00:00.0,11706,422213900,22.17,1.69,22.17,-0.39,0.0095,0.18,0,0,2,20.48
3187899315,30:00.0,14445,925965600,21.2,1.62,21.2,-0.38,0.0095,0.18,0,0,2,19.58
3187902529,35:00.0,15894,666381900,21.09,1.61,21.09,-0.38,0.0095,0.18,0,0,2,19.48
3187902541,55:00.0,15894,666381900,21.09,1.61,21.09,-0.38,0.0095,0.18,0,0,2,19.48
3187902676,55:00.0,15894,666381900,21.15,1.61,21.15,-0.38,0.0095,0.18,0,0,2,19.54
3187860985,56:00.0,11771,587209800,20.12,0.94,20.12,-0.37,0.0095,0.18,0,0,2,19.18
3187900244,15:00.0,11184,378018600,20.22,1.54,20.22,-0.37,0.0095,0.18,0,0,2,18.68
3187900614,53:00.0,11184,378018600,19.88,1.4,19.88,-0.37,0.0095,0.18,0,0,2,18.48
3187863683,43:00.0,14391,896033800,19.45,1.48,19.45,-0.36,0.0095,0.18,0,0,2,17.97
3187902313,51:00.0,9886,204989800,19.25,1.47,19.25,-0.36,0.0095,0.18,0,0,2,17.78
3187904586,33:00.0,11933,612487900,19.14,1.46,19.14,-0.36,0.0095,0.18,0,0,2,17.68
3187905112,52:00.0,10858,371241100,18.92,1.44,18.92,-0.36,0.0095,0.18,0,0,2,17.48
3187900708,18:00.0,11184,378018600,17.62,1.34,17.62,-0.35,0.0095,0.18,0,0,2,16.28
3187861517,38:00.0,11771,587209800,17.26,0.87,17.26,-0.34,0.0095,0.18,0,0,2,16.39
3187900871,40:00.0,11184,378018600,16.74,1.28,16.74,-0.34,0.0095,0.18,0,0,2,15.46
3187901227,09:00.0,11184,378018600,16.74,1.28,16.74,-0.34,0.0095,0.18,0,0,2,15.46
3187904912,17:00.0,10858,371241100,17.3,1.32,17.3,-0.34,0.0095,0.18,0,0,2,15.98
3187907322,34:00.0,11706,422213900,16.76,1.28,16.76,-0.34,0.0095,0.18,0,0,2,15.48
3187861874,12:00.0,9380,66065400,15.81,1.03,15.81,-0.33,0.0095,0.18,0,0,2,14.78
3187862076,23:00.0,9380,66065400,15.49,1.01,15.49,-0.33,0.0095,0.18,0,0,2,14.48
3187864676,24:00.0,14111,855106100,15.85,1.17,15.85,-0.33,0.0095,0.18,0,0,2,14.68
3187900156,18:00.0,11184,378018600,15.88,1.1,15.88,-0.33,0.0095,0.18,0,0,2,14.78
3187900694,15:00.0,14445,925965600,15.59,1.19,15.59,-0.33,0.0095,0.18,0,0,2,14.4
3187901043,48:00.0,11184,378018600,15.88,1.1,15.88,-0.33,0.0095,0.18,0,0,2,14.78
3187903321,49:00.0,15894,666381900,15.59,1.19,15.59,-0.33,0.0095,0.18,0,0,2,14.4
3187903322,51:00.0,15894,666381900,15.59,1.19,15.59,-0.33,0.0095,0.18,0,0,2,14.4
3187903528,41:00.0,15894,666381900,16.06,1.22,16.06,-0.33,0.0095,0.18,0,0,2,14.84
3187903912,33:00.0,9218,49452600,16.22,1.24,16.22,-0.33,0.0095,0.18,0,0,2,14.98
3187903941,42:00.0,9218,49452600,15.37,1.17,15.37,-0.33,0.0095,0.18,0,0,2,14.2
3187904050,17:00.0,9218,49452600,15.48,1.18,15.48,-0.33,0.0095,0.18,0,0,2,14.3
3187905777,24:00.0,11706,422213900,15.34,1.17,15.34,-0.33,0.0095,0.18,0,0,2,14.17
3187860859,13:00.0,11706,422213900,14.51,1.11,14.51,-0.32,0.0095,0.18,0,0,2,13.4
3187861945,32:00.0,9380,66065400,15.23,1,15.23,-0.32,0.0095,0.18,0,0,2,14.23
3187862265,51:00.0,14391,896033800,14.9,1.14,14.9,-0.32,0.0095,0.18,0,0,2,13.76
3187863990,32:00.0,14111,855106100,14.36,1.07,14.36,-0.32,0.0095,0.18,0,0,2,13.29
3187864196,16:00.0,14111,855106100,14.79,1.09,14.79,-0.32,0.0095,0.18,0,0,2,13.7
3187901106,45:00.0,11184,378018600,15.09,1.15,15.09,-0.32,0.0095,0.18,0,0,2,13.94
3187902168,21:00.0,9886,204989800,15.01,1.14,15.01,-0.32,0.0095,0.18,0,0,2,13.87
3187903011,23:00.0,9886,204989800,14.92,1.14,14.92,-0.32,0.0095,0.18,0,0,2,13.78
3187903187,27:00.0,15894,666381900,14.72,1.12,14.72,-0.32,0.0095,0.18,0,0,2,13.6
3187903525,03:00.0,15894,666381900,14.48,1.1,14.48,-0.32,0.0095,0.18,0,0,2,13.38
3187903931,16:00.0,9218,49452600,14.51,1.11,14.51,-0.32,0.0095,0.18,0,0,2,13.4
3187903987,31:00.0,9218,49452600,14.44,1.1,14.44,-0.32,0.0095,0.18,0,0,2,13.34
3187903991,31:00.0,9218,49452600,14.55,1.11,14.55,-0.32,0.0095,0.18,0,0,2,13.44
3187904457,13:00.0,11933,612487900,14.72,1.12,14.72,-0.32,0.0095,0.18,0,0,2,13.6
3187904984,11:00.0,11933,612487900,14.44,1.1,14.44,-0.32,0.0095,0.18,0,0,2,13.34
3187905520,33:00.0,10858,371241100,15.19,0.55,15.19,-0.32,0.0095,0.18,0,0,2,14.64
3187905819,30:00.0,11706,422213900,14.61,1.11,14.61,-0.32,0.0095,0.18,0,0,2,13.5
3187907326,25:00.0,11706,422213900,14.61,1.11,14.61,-0.32,0.0095,0.18,0,0,2,13.5
3187860957,12:00.0,11771,587209800,12.19,0.61,12.19,-0.3,0.0095,0.18,0,0,2,11.58
3187862128,43:00.0,9380,66065400,13.08,0.86,13.08,-0.3,0.0095,0.18,0,0,2,12.22
3187862203,20:00.0,14391,896033800,12.75,0.97,12.75,-0.3,0.0095,0.18,0,0,2,11.78
3187863106,37:00.0,14391,896033800,12.75,0.97,12.75,-0.3,0.0095,0.18,0,0,2,11.78
3187863291,27:00.0,14391,896033800,12.54,0.96,12.54,-0.3,0.0095,0.18,0,0,2,11.58
3187863490,41:00.0,14111,855106100,12.27,0.91,12.27,-0.3,0.0095,0.18,0,0,2,11.36
3187864232,45:00.0,14111,855106100,12.17,0.91,12.17,-0.3,0.0095,0.18,0,0,2,11.26
3187900613,57:00.0,11184,378018600,13.03,0.99,13.03,-0.3,0.0095,0.18,0,0,2,12.04
3187900864,03:00.0,11184,378018600,12.85,0.87,12.85,-0.3,0.0095,0.18,0,0,2,11.98
3187902967,11:00.0,9886,204989800,12.82,0.54,12.82,-0.3,0.0095,0.18,0,0,2,12.28
3187903883,20:00.0,9218,49452600,12.97,0.99,12.97,-0.3,0.0095,0.18,0,0,2,11.98
3187905046,19:00.0,10858,371241100,13.08,1,13.08,-0.3,0.0095,0.18,0,0,2,12.08
3187905114,56:00.0,10858,371241100,12.71,0.97,12.71,-0.3,0.0095,0.18,0,0,2,11.74
3187905281,05:00.0,11933,612487900,13.08,1,13.08,-0.3,0.0095,0.18,0,0,2,12.08
3187905439,08:00.0,10858,371241100,12.91,0.98,12.91,-0.3,0.0095,0.18,0,0,2,11.93
3187862629,40:00.0,14391,896033800,11.89,0.91,11.89,-0.29,0.0095,0.18,0,0,2,10.98
3187900344,12:00.0,11184,378018600,11.99,0.91,11.99,-0.29,0.0095,0.18,0,0,2,11.08
3187900485,55:00.0,11184,378018600,11.89,0.91,11.89,-0.29,0.0095,0.18,0,0,2,10.98
3187900595,20:00.0,14445,925965600,11.25,0.86,11.25,-0.29,0.0095,0.18,0,0,2,10.39
3187901080,49:00.0,11184,378018600,11.84,0.66,11.84,-0.29,0.0095,0.18,0,0,2,11.18
3187902543,40:00.0,15894,666381900,11.56,0.88,11.56,-0.29,0.0095,0.18,0,0,2,10.68
3187903854,49:00.0,9218,49452600,11.6,0.88,11.6,-0.29,0.0095,0.18,0,0,2,10.72
3187905004,25:00.0,11933,612487900,12,0.61,12,-0.29,0.0095,0.18,0,0,2,11.39
3187905266,20:00.0,10858,371241100,12.06,0.82,12.06,-0.29,0.0095,0.18,0,0,2,11.24
3187907325,42:00.0,11706,422213900,11.76,0.9,11.76,-0.29,0.0095,0.18,0,0,2,10.86
3187860861,50:00.0,11706,422213900,10.8,0.82,10.8,-0.28,0.0095,0.18,0,0,2,9.98
3187860981,12:00.0,11771,587209800,10.82,0.54,10.82,-0.28,0.0095,0.18,0,0,2,10.28
3187861575,05:00.0,10541,337362800,10.31,0.72,10.31,-0.28,0.0095,0.18,0,0,2,9.59
3187862633,11:00.0,14391,896033800,10.37,0.79,10.37,-0.28,0.0095,0.18,0,0,2,9.58
3187863569,48:00.0,14391,896033800,10.62,0.54,10.62,-0.28,0.0095,0.18,0,0,2,10.08
3187863998,29:00.0,14111,855106100,10.81,0.61,10.81,-0.28,0.0095,0.18,0,0,2,10.2
3187864173,31:00.0,14111,855106100,10.59,0.79,10.59,-0.28,0.0095,0.18,0,0,2,9.8
3187864589,45:00.0,14111,855106100,11.05,0.81,11.05,-0.28,0.0095,0.18,0,0,2,10.24
3187864868,52:00.0,14111,855106100,10.11,0.75,10.11,-0.28,0.0095,0.18,0,0,2,9.36
3187899710,30:00.0,14445,925965600,11.01,0.23,11.01,-0.28,0.0095,0.18,0,0,2,10.78
3187900110,21:00.0,11184,378018600,10.29,0.78,10.29,-0.28,0.0095,0.18,0,0,2,9.51
3187901555,24:00.0,11184,378018600,10.8,0.82,10.8,-0.28,0.0095,0.18,0,0,2,9.98
3187902020,55:00.0,9886,204989800,10.46,0.68,10.46,-0.28,0.0095,0.18,0,0,2,9.78
3187902738,47:00.0,15894,666381900,10.45,0.61,10.45,-0.28,0.0095,0.18,0,0,2,9.84
3187905322,44:00.0,10858,371241100,10.92,0.91,10.92,-0.28,0.0095,0.18,0,0,2,10.01
3187861869,57:00.0,9380,66065400,8.95,0.04,8.95,-0.27,0.0095,0.18,0,0,2,8.91
3187863570,05:00.0,14391,896033800,9.49,0.72,9.49,-0.27,0.0095,0.18,0,0,2,8.77
3187864239,50:00.0,14111,855106100,9.7,0.72,9.7,-0.27,0.0095,0.18,0,0,2,8.98
3187864710,00:00.0,14111,855106100,9.11,0.75,9.11,-0.27,0.0095,0.18,0,0,2,8.36
3187900482,57:00.0,11184,378018600,9.18,0.7,9.18,-0.27,0.0095,0.18,0,0,2,8.48
3187900483,29:00.0,11184,378018600,9.81,0.75,9.81,-0.27,0.0095,0.18,0,0,2,9.06
3187901717,29:00.0,9886,204989800,9.87,0.6,9.87,-0.27,0.0095,0.18,0,0,2,9.27
3187903910,23:00.0,9218,49452600,9.95,0.76,9.95,-0.27,0.0095,0.18,0,0,2,9.19
3187904043,42:00.0,9218,49452600,9.95,0.76,9.95,-0.27,0.0095,0.18,0,0,2,9.19
3187860882,54:00.0,11706,422213900,7.79,0.21,7.79,-0.25,0.0095,0.18,0,0,2,7.58
3187861372,05:00.0,11706,422213900,7.55,0.27,7.55,-0.25,0.0095,0.18,0,0,2,7.28
3187862061,40:00.0,11425,488746900,7.38,0.4,7.38,-0.25,0.0095,0.18,0,0,2,6.98
3187862074,17:00.0,14391,896033800,7.51,0.57,7.51,-0.25,0.0095,0.18,0,0,2,6.94
3187862210,49:00.0,11425,488746900,7.75,0.57,7.75,-0.25,0.0095,0.18,0,0,2,7.18
3187863475,09:00.0,14391,896033800,7.77,0.59,7.77,-0.25,0.0095,0.18,0,0,2,7.18
3187864169,04:00.0,14111,855106100,7.34,0.36,7.34,-0.25,0.0095,0.18,0,0,2,6.98
3187899716,38:00.0,14445,925965600,7.2,0.55,7.2,-0.25,0.0095,0.18,0,0,2,6.65
3187861833,17:00.0,9380,66065400,8.35,0.47,8.35,-0.26,0.0095,0.18,0,0,2,7.88
3187864344,50:00.0,14111,855106100,7.97,0.48,7.97,-0.26,0.0095,0.18,0,0,2,7.49
3187864588,47:00.0,14111,855106100,8.85,0.65,8.85,-0.26,0.0095,0.18,0,0,2,8.2
3187864901,23:00.0,14111,855106100,8.85,0.65,8.85,-0.26,0.0095,0.18,0,0,2,8.2
3187865014,49:00.0,14111,855106100,7.99,0.59,7.99,-0.26,0.0095,0.18,0,0,2,7.4
3187865020,40:00.0,14111,855106100,8.56,0.64,8.56,-0.26,0.0095,0.18,0,0,2,7.92
3187899536,13:00.0,14445,925965600,8.51,0.88,8.51,-0.26,0.0095,0.18,0,0,2,7.63
3187903016,33:00.0,9886,204989800,8.75,0.67,8.75,-0.26,0.0095,0.18,0,0,2,8.08
3187903245,07:00.0,15894,666381900,8.92,0.62,8.92,-0.26,0.0095,0.18,0,0,2,8.3
3187903315,06:00.0,15894,666381900,8.85,0.07,8.85,-0.26,0.0095,0.18,0,0,2,8.78
3187903964,15:00.0,9218,49452600,8.64,0.66,8.64,-0.26,0.0095,0.18,0,0,2,7.98
3187903969,28:00.0,9218,49452600,8.86,0.48,8.86,-0.26,0.0095,0.18,0,0,2,8.38
3187904044,32:00.0,9218,49452600,8.92,0.68,8.92,-0.26,0.0095,0.18,0,0,2,8.24
3187905870,48:00.0,10858,371241100,8.64,0.66,8.64,-0.26,0.0095,0.18,0,0,2,7.98
3187958804,43:00.0,13784,773838800,7.23,0.54,7.23,-0.25,0.0095,0.18,0,0,2,6.69
3187958833,44:00.0,12850,791602600,7.85,0.27,7.85,-0.25,0.0095,0.18,0,0,2,7.58
3187958911,12:00.0,9231,49607500,6.85,0.17,6.85,-0.25,0.0095,0.18,0,0,2,6.68
3187958929,23:00.0,13253,817260300,7.01,0.53,7.01,-0.25,0.0095,0.18,0,0,2,6.48
3187959108,46:00.0,11412,494407000,7.56,0.58,7.56,-0.25,0.0095,0.18,0,0,2,6.98
3187959109,16:00.0,11412,494407000,7.34,0.56,7.34,-0.25,0.0095,0.18,0,0,2,6.78
3187959218,52:00.0,12267,503798100,7.63,0.58,7.63,-0.25,0.0095,0.18,0,0,2,7.05
3187959227,02:00.0,12267,503798100,7.81,0.33,7.81,-0.25,0.0095,0.18,0,0,2,7.48
3187959260,45:00.0,9779,219784600,7.43,0.45,7.43,-0.25,0.0095,0.18,0,0,2,6.98
3187959296,55:00.0,9779,219784600,7.18,0.5,7.18,-0.25,0.0095,0.18,0,0,2,6.68
3187959298,59:00.0,9779,219784600,7.29,0.57,7.29,-0.25,0.0095,0.18,0,0,2,6.72
3187959313,30:00.0,9779,219784600,7.82,0.5,7.82,-0.25,0.0095,0.18,0,0,2,7.32
3187959476,09:00.0,11720,591405600,7.43,0.57,7.43,-0.25,0.0095,0.18,0,0,2,6.86
3187959493,11:00.0,11720,591405600,7.34,0.56,7.34,-0.25,0.0095,0.18,0,0,2,6.78
3187959498,37:00.0,11720,591405600,6.96,0.18,6.96,-0.25,0.0095,0.18,0,0,2,6.78
3187959522,31:00.0,11720,591405600,6.85,0.17,6.85,-0.25,0.0095,0.18,0,0,2,6.68
3187959524,21:00.0,11720,591405600,7.56,0.58,7.56,-0.25,0.0095,0.18,0,0,2,6.98
3187959642,43:00.0,13713,911651800,7.58,0.5,7.58,-0.25,0.0095,0.18,0,0,2,7.08
3187959965,31:00.0,12320,706240900,7.59,0.41,7.59,-0.25,0.0095,0.18,0,0,2,7.18
3187959970,40:00.0,12320,706240900,7.77,0.59,7.77,-0.25,0.0095,0.18,0,0,2,7.18
3187960027,04:00.0,12320,706240900,7.12,0.54,7.12,-0.25,0.0095,0.18,0,0,2,6.58
3187960134,26:00.0,9273,55678700,6.96,0.28,6.96,-0.25,0.0095,0.18,0,0,2,6.68
3187960312,07:00.0,12768,605532100,7.08,0.5,7.08,-0.25,0.0095,0.18,0,0,2,6.58
3187960432,13:00.0,9738,199647900,7.43,0.45,7.43,-0.25,0.0095,0.18,0,0,2,6.98
3187960434,25:00.0,9738,199647900,6.91,0.53,6.91,-0.25,0.0095,0.18,0,0,2,6.38
3187960502,52:00.0,13775,958712200,6.99,0.53,6.99,-0.25,0.0095,0.18,0,0,2,6.46
3187960508,00:00.0,10616,307514000,7.01,0.53,7.01,-0.25,0.0095,0.18,0,0,2,6.48
3187960512,56:00.0,10616,307514000,6.91,0.53,6.91,-0.25,0.0095,0.18,0,0,2,6.38
3187960757,58:00.0,9537,108286600,7.57,0.39,7.57,-0.25,0.0095,0.18,0,0,2,7.18
3187960885,36:00.0,12480,578678500,7.31,0.56,7.31,-0.25,0.0095,0.18,0,0,2,6.75
3187960892,37:00.0,13425,882674500,6.91,0.53,6.91,-0.25,0.0095,0.18,0,0,2,6.38
3187960933,29:00.0,10780,317081800,7.77,0.59,7.77,-0.25,0.0095,0.18,0,0,2,7.18
3187961293,41:00.0,12567,601823800,6.91,0.53,6.91,-0.25,0.0095,0.18,0,0,2,6.38
3187961502,26:00.0,13738,829138700,7.66,0.58,7.66,-0.25,0.0095,0.18,0,0,2,7.08
3187961504,58:00.0,13738,829138700,7.01,0.53,7.01,-0.25,0.0095,0.18,0,0,2,6.48
3187961539,09:00.0,13738,829138700,7.87,0.6,7.87,-0.25,0.0095,0.18,0,0,2,7.27
3187961571,59:00.0,13738,829138700,7.12,0.54,7.12,-0.25,0.0095,0.18,0,0,2,6.58
3187961697,54:00.0,11869,608104600,7.57,0.38,7.57,-0.25,0.0095,0.18,0,0,2,7.19
3187961699,11:00.0,11869,608104600,7.77,0.39,7.77,-0.25,0.0095,0.18,0,0,2,7.38
3187961733,52:00.0,9498,124158700,7.85,0.56,7.85,-0.25,0.0095,0.18,0,0,2,7.29
3187961933,49:00.0,11977,461550600,7.8,0.12,7.8,-0.25,0.0095,0.18,0,0,2,7.68
3187961973,56:00.0,11977,461550600,6.94,0.36,6.94,-0.25,0.0095,0.18,0,0,2,6.58
3187962131,20:00.0,9551,117653600,7.06,0.18,7.06,-0.25,0.0095,0.18,0,0,2,6.88
3187962188,12:00.0,11864,452337900,7.54,0.56,7.54,-0.25,0.0095,0.18,0,0,2,6.98
3187962192,05:00.0,11864,452337900,6.94,0.51,6.94,-0.25,0.0095,0.18,0,0,2,6.43
3187962195,04:00.0,11864,452337900,6.89,0.51,6.89,-0.25,0.0095,0.18,0,0,2,6.38
3187962249,11:00.0,9551,117653600,7.66,0.58,7.66,-0.25,0.0095,0.18,0,0,2,7.08
3187962330,36:00.0,12920,807932900,7.54,0.56,7.54,-0.25,0.0095,0.18,0,0,2,6.98
3187962379,48:00.0,13257,689421600,7.01,0.53,7.01,-0.25,0.0095,0.18,0,0,2,6.48
3187962408,50:00.0,13026,825800600,7.56,0.58,7.56,-0.25,0.0095,0.18,0,0,2,6.98
3187962464,01:00.0,11881,470609900,7.54,0.56,7.54,-0.25,0.0095,0.18,0,0,2,6.98
3187962476,14:00.0,11977,461550600,7.61,0.43,7.61,-0.25,0.0095,0.18,0,0,2,7.18
3187962630,29:00.0,13257,689421600,7.35,0.07,7.35,-0.25,0.0095,0.18,0,0,2,7.28
3187962633,10:00.0,13257,689421600,7.77,0.59,7.77,-0.25,0.0095,0.18,0,0,2,7.18
3187962675,01:00.0,12924,630397800,7.07,0.29,7.07,-0.25,0.0095,0.18,0,0,2,6.78
3187962764,10:00.0,10778,283251700,7.88,0.6,7.88,-0.25,0.0095,0.18,0,0,2,7.28
3187962883,19:00.0,11604,548781400,7.23,0.55,7.23,-0.25,0.0095,0.18,0,0,2,6.68
3187962933,42:00.0,10778,283251700,6.89,0.41,6.89,-0.25,0.0095,0.18,0,0,2,6.48
3188054591,50:00.0,14401,905265500,7.53,0.32,7.53,-0.25,0.0095,0.18,0,0,2,7.21
3188054597,41:00.0,14401,905265500,7.06,0.4,7.06,-0.25,0.0095,0.18,0,0,2,6.66
3188074915,07:00.0,12415,515217800,7.13,0.25,7.13,-0.25,0.0095,0.18,0,0,2,6.88
3188074921,19:00.0,12415,515217800,7.34,0.56,7.34,-0.25,0.0095,0.18,0,0,2,6.78
3188075138,36:00.0,12054,482565900,7.52,0.44,7.52,-0.25,0.0095,0.18,0,0,2,7.08
3188075145,21:00.0,12054,482565900,6.89,0.41,6.89,-0.25,0.0095,0.18,0,0,2,6.48
3188075529,32:00.0,14552,970928800,7.34,0.56,7.34,-0.25,0.0095,0.18,0,0,2,6.78
3188075546,45:00.0,14252,877214700,6.91,0.53,6.91,-0.25,0.0095,0.18,0,0,2,6.38
3188075627,31:00.0,14552,970928800,7.83,0.25,7.83,-0.25,0.0095,0.18,0,0,2,7.58
3188075669,45:00.0,14552,970928800,7.87,0.6,7.87,-0.25,0.0095,0.18,0,0,2,7.27
3188075686,54:00.0,9839,179913900,7.45,0.57,7.45,-0.25,0.0095,0.18,0,0,2,6.88
3188075689,11:00.0,9839,179913900,6.91,0.53,6.91,-0.25,0.0095,0.18,0,0,2,6.38
3188075795,01:00.0,9709,117023200,7.43,0.45,7.43,-0.25,0.0095,0.18,0,0,2,6.98
3188075846,10:00.0,9709,117023200,6.92,0.54,6.92,-0.25,0.0095,0.18,0,0,2,6.38
3188076003,05:00.0,13601,741291900,7.3,0.32,7.3,-0.25,0.0095,0.18,0,0,2,6.98
3188076211,40:00.0,14035,899157200,7.66,0.42,7.66,-0.25,0.0095,0.18,0,0,2,7.24
3188076316,44:00.0,9745,124795600,6.89,0.31,6.89,-0.25,0.0095,0.18,0,0,2,6.58
3188076318,41:00.0,9745,124795600,7.51,0.49,7.51,-0.25,0.0095,0.18,0,0,2,7.02
3188076380,15:00.0,10483,309664100,7.75,0.57,7.75,-0.25,0.0095,0.18,0,0,2,7.18
3188076388,39:00.0,10483,309664100,7.21,0.43,7.21,-0.25,0.0095,0.18,0,0,2,6.78
3188076406,15:00.0,13484,920599800,7.01,0.53,7.01,-0.25,0.0095,0.18,0,0,2,6.48
3188076426,37:00.0,9701,171975600,7.1,0.52,7.1,-0.25,0.0095,0.18,0,0,2,6.58
3188076432,16:00.0,9701,171975600,7.58,0.56,7.58,-0.25,0.0095,0.18,0,0,2,7.02
3188076453,43:00.0,13383,699900700,7.56,0.58,7.56,-0.25,0.0095,0.18,0,0,2,6.98
3188076795,59:00.0,13464,891053100,7.63,0.45,7.63,-0.25,0.0095,0.18,0,0,2,7.18
3188077083,13:00.0,14552,970928800,7.56,0.58,7.56,-0.25,0.0095,0.18,0,0,2,6.98
3188077643,49:00.0,9701,171975600,7.34,0.36,7.34,-0.25,0.0095,0.18,0,0,2,6.98
3188077645,30:00.0,9701,171975600,7.85,0.48,7.85,-0.25,0.0095,0.18,0,0,2,7.37
3188078008,55:00.0,9164,23206600,7.56,0.58,7.56,-0.25,0.0095,0.18,0,0,2,6.98
3188083111,32:00.0,10483,309664100,6.89,0.51,6.89,-0.25,0.0095,0.18,0,0,2,6.38
3188083112,36:00.0,10483,309664100,7.59,0.11,7.59,-0.25,0.0095,0.18,0,0,2,7.48
3188053209,01:00.0,9791,166462200,7,0.44,7,-0.25,0.0095,0.18,0,0,2,6.56
3188053301,50:00.0,13969,979796000,7.77,0.59,7.77,-0.25,0.0095,0.18,0,0,2,7.18
3188053479,37:00.0,12417,585024300,7.54,0.46,7.54,-0.25,0.0095,0.18,0,0,2,7.08
3188053483,48:00.0,12417,585024300,7.86,0.48,7.86,-0.25,0.0095,0.18,0,0,2,7.38
3188053486,45:00.0,12417,585024300,7.03,0.25,7.03,-0.25,0.0095,0.18,0,0,2,6.78
3188053628,48:00.0,11954,486667900,7.77,0.59,7.77,-0.25,0.0095,0.18,0,0,2,7.18
3188053631,56:00.0,13496,927524900,7.29,0.11,7.29,-0.25,0.0095,0.18,0,0,2,7.18
3188053690,39:00.0,11954,486667900,7.56,0.58,7.56,-0.25,0.0095,0.18,0,0,2,6.98
3188053824,35:00.0,11954,486667900,7.06,0.54,7.06,-0.25,0.0095,0.18,0,0,2,6.52
3188053879,31:00.0,9651,151926300,6.91,0.53,6.91,-0.25,0.0095,0.18,0,0,2,6.38
3188069585,42:00.0,13076,779369800,8.32,0.54,8.32,-0.26,0.0095,0.18,0,0,2,7.78
3188069616,23:00.0,9791,166462200,8.52,0.34,8.52,-0.26,0.0095,0.18,0,0,2,8.18
3188069646,54:00.0,9791,166462200,8.71,0.45,8.71,-0.26,0.0095,0.18,0,0,2,8.26
3188069651,45:00.0,9791,166462200,8.04,0.26,8.04,-0.26,0.0095,0.18,0,0,2,7.78
3188070104,57:00.0,13969,979796000,7.95,0.61,7.95,-0.26,0.0095,0.18,0,0,2,7.34
3188070296,45:00.0,11986,603700600,8.85,0.67,8.85,-0.26,0.0095,0.18,0,0,2,8.18
3188070385,03:00.0,11617,456977800,8.39,0.6,8.39,-0.26,0.0095,0.18,0,0,2,7.79
3188070446,56:00.0,13496,927524900,8.22,0.64,8.22,-0.26,0.0095,0.18,0,0,2,7.58
3188070448,36:00.0,13496,927524900,8.9,0.7,8.9,-0.26,0.0095,0.18,0,0,2,8.2
3188070563,05:00.0,11954,486667900,8.63,0.66,8.63,-0.26,0.0095,0.18,0,0,2,7.97
3188070632,14:00.0,11923,492303300,8.21,0.64,8.21,-0.26,0.0095,0.18,0,0,2,7.57
3187962857,45:00.0,9231,49607500,8.69,0.21,8.69,-0.26,0.0095,0.18,0,0,2,8.48
3187963247,36:00.0,9902,196897300,8.25,0.47,8.25,-0.26,0.0095,0.18,0,0,2,7.78
3187963365,03:00.0,12768,605532100,8.67,0.64,8.67,-0.26,0.0095,0.18,0,0,2,8.03
3187963523,15:00.0,11720,591405600,8.8,0.52,8.8,-0.26,0.0095,0.18,0,0,2,8.28
3187963951,32:00.0,12320,706240900,7.99,0.61,7.99,-0.26,0.0095,0.18,0,0,2,7.38
3187964059,41:00.0,9779,219784600,8.2,0.51,8.2,-0.26,0.0095,0.18,0,0,2,7.69
3187964164,37:00.0,9537,108286600,8.05,0.47,8.05,-0.26,0.0095,0.18,0,0,2,7.58
3187964165,52:00.0,9537,108286600,8.48,0.5,8.48,-0.26,0.0095,0.18,0,0,2,7.98
3187964175,56:00.0,11795,548710300,8.05,0.54,8.05,-0.26,0.0095,0.18,0,0,2,7.51
3187964242,50:00.0,9949,209517200,8.22,0.63,8.22,-0.26,0.0095,0.18,0,0,2,7.59
3187964266,44:00.0,11795,548710300,8.85,0.6,8.85,-0.26,0.0095,0.18,0,0,2,8.25
3187964275,58:00.0,11795,548710300,8.76,0.59,8.76,-0.26,0.0095,0.18,0,0,2,8.17
3187964357,13:00.0,13775,958712200,8.39,0.41,8.39,-0.26,0.0095,0.18,0,0,2,7.98
3187964510,54:00.0,9273,55678700,7.99,0.45,7.99,-0.26,0.0095,0.18,0,0,2,7.54
3187965155,49:00.0,13425,882674500,8.26,0.59,8.26,-0.26,0.0095,0.18,0,0,2,7.67
3187965210,08:00.0,12480,578678500,8.21,0.13,8.21,-0.26,0.0095,0.18,0,0,2,8.08
3187965224,01:00.0,13425,882674500,8.84,0.67,8.84,-0.26,0.0095,0.18,0,0,2,8.17
3187965528,40:00.0,11869,608104600,8.82,0.44,8.82,-0.26,0.0095,0.18,0,0,2,8.38
3187965827,06:00.0,12567,601823800,8.1,0.62,8.1,-0.26,0.0095,0.18,0,0,2,7.48
3187965870,05:00.0,11447,448646000,8.64,0.66,8.64,-0.26,0.0095,0.18,0,0,2,7.98
3187966057,45:00.0,13266,683567200,8.35,0.47,8.35,-0.26,0.0095,0.18,0,0,2,7.88
3187966116,58:00.0,11869,608104600,8.46,0.37,8.46,-0.26,0.0095,0.18,0,0,2,8.09
3187966118,50:00.0,11869,608104600,8.55,0.36,8.55,-0.26,0.0095,0.18,0,0,2,8.19
3187966146,52:00.0,9498,124158700,8.15,0.56,8.15,-0.26,0.0095,0.18,0,0,2,7.59
3187966277,12:00.0,11881,470609900,8.94,0.67,8.94,-0.26,0.0095,0.18,0,0,2,8.27
3187966393,52:00.0,9551,117653600,8.53,0.65,8.53,-0.26,0.0095,0.18,0,0,2,7.88
3187966421,46:00.0,13257,689421600,8.74,0.67,8.74,-0.26,0.0095,0.18,0,0,2,8.07
3187966481,01:00.0,10543,324227800,8.19,0.61,8.19,-0.26,0.0095,0.18,0,0,2,7.58
3187966495,53:00.0,11977,461550600,8.83,0.65,8.83,-0.26,0.0095,0.18,0,0,2,8.18
3187966521,30:00.0,13257,689421600,8.9,0.68,8.9,-0.26,0.0095,0.18,0,0,2,8.22
3187966522,37:00.0,13257,689421600,8.55,0.27,8.55,-0.26,0.0095,0.18,0,0,2,8.28
3187966650,55:00.0,13822,934063900,8.91,0.37,8.91,-0.26,0.0095,0.18,0,0,2,8.54
3187966653,31:00.0,9766,164067100,8.25,0.38,8.25,-0.26,0.0095,0.18,0,0,2,7.87
3187966654,36:00.0,9766,164067100,8.86,0.58,8.86,-0.26,0.0095,0.18,0,0,2,8.28
3187966678,01:00.0,11977,461550600,8.91,0.13,8.91,-0.26,0.0095,0.18,0,0,2,8.78
3187966748,48:00.0,11864,452337900,8.08,0.6,8.08,-0.26,0.0095,0.18,0,0,2,7.48
3187966751,21:00.0,11864,452337900,8.19,0.61,8.19,-0.26,0.0095,0.18,0,0,2,7.58
3187966767,19:00.0,11864,452337900,8.47,0.29,8.47,-0.26,0.0095,0.18,0,0,2,8.18
3187966786,15:00.0,9564,114914500,8.73,0.2,8.73,-0.26,0.0095,0.18,0,0,2,8.53
3187966929,36:00.0,10070,204144000,7.93,0.45,7.93,-0.26,0.0095,0.18,0,0,2,7.48
3187966999,00:00.0,14502,993758200,8.24,0.61,8.24,-0.26,0.0095,0.18,0,0,2,7.63
3187967156,19:00.0,10778,283251700,8.64,0.66,8.64,-0.26,0.0095,0.18,0,0,2,7.98
3187967658,30:00.0,13822,934063900,8.11,0.53,8.11,-0.26,0.0095,0.18,0,0,2,7.58
3187968128,47:00.0,10778,283251700,8.21,0.63,8.21,-0.26,0.0095,0.18,0,0,2,7.58
3187968226,48:00.0,9483,100433200,8.03,0.45,8.03,-0.26,0.0095,0.18,0,0,2,7.58
3188067093,05:00.0,12982,651880700,8.94,0.68,8.94,-0.26,0.0095,0.18,0,0,2,8.26
3188067604,04:00.0,12054,482565900,8.77,0.52,8.77,-0.26,0.0095,0.18,0,0,2,8.25
3188067675,48:00.0,12441,696431600,8.87,0.19,8.87,-0.26,0.0095,0.18,0,0,2,8.68
3188067888,32:00.0,14552,970928800,7.98,0.61,7.98,-0.26,0.0095,0.18,0,0,2,7.37
3188067967,10:00.0,14552,970928800,8.09,0.62,8.09,-0.26,0.0095,0.18,0,0,2,7.47
3188068115,17:00.0,14478,983413600,8.1,0.62,8.1,-0.26,0.0095,0.18,0,0,2,7.48
3188068171,38:00.0,9709,117023200,8.32,0.54,8.32,-0.26,0.0095,0.18,0,0,2,7.78
3188068179,27:00.0,9745,124795600,8.42,0.55,8.42,-0.26,0.0095,0.18,0,0,2,7.87
3188068182,42:00.0,9745,124795600,8.92,0.47,8.92,-0.26,0.0095,0.18,0,0,2,8.45
3188068263,29:00.0,14252,877214700,8.31,0.63,8.31,-0.26,0.0095,0.18,0,0,2,7.68
3188068328,07:00.0,9709,117023200,8.9,0.7,8.9,-0.26,0.0095,0.18,0,0,2,8.2
3188068329,57:00.0,9709,117023200,8.62,0.54,8.62,-0.26,0.0095,0.18,0,0,2,8.08
3188068334,52:00.0,9709,117023200,8.66,0.68,8.66,-0.26,0.0095,0.18,0,0,2,7.98
3188068592,37:00.0,10697,321641300,8.03,0.45,8.03,-0.26,0.0095,0.18,0,0,2,7.58
3188068624,49:00.0,14035,899157200,8.72,0.44,8.72,-0.26,0.0095,0.18,0,0,2,8.28
3188068765,40:00.0,9701,171975600,8.72,0.64,8.72,-0.26,0.0095,0.18,0,0,2,8.08
3188068772,00:00.0,10483,309664100,8.52,0.63,8.52,-0.26,0.0095,0.18,0,0,2,7.89
3188068773,27:00.0,10483,309664100,8.62,0.64,8.62,-0.26,0.0095,0.18,0,0,2,7.98
3188068774,20:00.0,10483,309664100,8.18,0.6,8.18,-0.26,0.0095,0.18,0,0,2,7.58
3188068775,23:00.0,10483,309664100,8.49,0.51,8.49,-0.26,0.0095,0.18,0,0,2,7.98
3188069079,52:00.0,13572,875603300,7.92,0.44,7.92,-0.26,0.0095,0.18,0,0,2,7.48
3188069082,10:00.0,13572,875603300,7.92,0.44,7.92,-0.26,0.0095,0.18,0,0,2,7.48
3188069094,13:00.0,12439,594547200,8.64,0.66,8.64,-0.26,0.0095,0.18,0,0,2,7.98
3188069209,31:00.0,12439,594547200,8.31,0.63,8.31,-0.26,0.0095,0.18,0,0,2,7.68
3188069211,43:00.0,12439,594547200,8.85,0.67,8.85,-0.26,0.0095,0.18,0,0,2,8.18
3188069250,36:00.0,9701,171975600,8.17,0.5,8.17,-0.26,0.0095,0.18,0,0,2,7.67
3188069253,48:00.0,9701,171975600,7.98,0.59,7.98,-0.26,0.0095,0.18,0,0,2,7.39
3188069257,50:00.0,9701,171975600,8.07,0.6,8.07,-0.26,0.0095,0.18,0,0,2,7.47
3188069354,31:00.0,9164,23206600,8.26,0.48,8.26,-0.26,0.0095,0.18,0,0,2,7.78
3188070838,32:00.0,13496,927524900,8.55,0.67,8.55,-0.26,0.0095,0.18,0,0,2,7.88
3188071791,53:00.0,13484,920599800,8.05,0.61,8.05,-0.26,0.0095,0.18,0,0,2,7.44
3188071794,09:00.0,13484,920599800,8.24,0.63,8.24,-0.26,0.0095,0.18,0,0,2,7.61
3187940053,51:00.0,13822,934063900,9.17,0.6,9.17,-0.27,0.0095,0.18,0,0,2,8.57
3187940163,29:00.0,10778,283251700,9.1,0.69,9.1,-0.27,0.0095,0.18,0,0,2,8.41
3187940194,12:00.0,10778,283251700,9.77,0.52,9.77,-0.27,0.0095,0.18,0,0,2,9.25
3187943080,01:00.0,13822,934063900,9.39,0.61,9.39,-0.27,0.0095,0.18,0,0,2,8.78
3187970156,08:00.0,9779,219784600,9.98,0.61,9.98,-0.27,0.0095,0.18,0,0,2,9.37
3187970229,35:00.0,9779,219784600,9.55,0.75,9.55,-0.27,0.0095,0.18,0,0,2,8.8
3187970319,38:00.0,13216,667234900,9.16,0.52,9.16,-0.27,0.0095,0.18,0,0,2,8.64
3187970620,36:00.0,9949,209517200,9.44,0.72,9.44,-0.27,0.0095,0.18,0,0,2,8.72
3187970640,39:00.0,13253,817260300,9.6,0.73,9.6,-0.27,0.0095,0.18,0,0,2,8.87
3187970677,56:00.0,11412,494407000,9.37,0.71,9.37,-0.27,0.0095,0.18,0,0,2,8.66
3187970862,35:00.0,13713,911651800,9.72,0.64,9.72,-0.27,0.0095,0.18,0,0,2,9.08
3187970910,23:00.0,12320,706240900,9.16,0.7,9.16,-0.27,0.0095,0.18,0,0,2,8.46
3187970916,18:00.0,12320,706240900,9.16,0.7,9.16,-0.27,0.0095,0.18,0,0,2,8.46
3187970918,52:00.0,12320,706240900,9.16,0.7,9.16,-0.27,0.0095,0.18,0,0,2,8.46
3187970953,10:00.0,9273,55678700,9.08,0.51,9.08,-0.27,0.0095,0.18,0,0,2,8.57
3187971002,54:00.0,9273,55678700,9.82,0.5,9.82,-0.27,0.0095,0.18,0,0,2,9.32
3187971007,28:00.0,9273,55678700,9.35,0.53,9.35,-0.27,0.0095,0.18,0,0,2,8.82
3187971181,55:00.0,12017,501837900,9.79,0.11,9.79,-0.27,0.0095,0.18,0,0,2,9.68
3187971201,47:00.0,11795,548710300,9.56,0.65,9.56,-0.27,0.0095,0.18,0,0,2,8.91
3187971377,34:00.0,13775,958712200,9.08,0.69,9.08,-0.27,0.0095,0.18,0,0,2,8.39
3187971379,48:00.0,13775,958712200,9.57,0.73,9.57,-0.27,0.0095,0.18,0,0,2,8.84
3187971380,07:00.0,13775,958712200,9.14,0.7,9.14,-0.27,0.0095,0.18,0,0,2,8.44
3187971385,30:00.0,10616,307514000,9.84,0.6,9.84,-0.27,0.0095,0.18,0,0,2,9.24
3187971509,31:00.0,9537,108286600,9.96,0.59,9.96,-0.27,0.0095,0.18,0,0,2,9.37
3187971540,47:00.0,9738,199647900,9.18,0.7,9.18,-0.27,0.0095,0.18,0,0,2,8.48
3187971748,10:00.0,13425,882674500,9.72,0.74,9.72,-0.27,0.0095,0.18,0,0,2,8.98
3187971956,38:00.0,12480,578678500,9.3,0.71,9.3,-0.27,0.0095,0.18,0,0,2,8.59
3187972175,14:00.0,13026,825800600,9.96,0.62,9.96,-0.27,0.0095,0.18,0,0,2,9.34
3187972183,10:00.0,13026,825800600,9.34,0.71,9.34,-0.27,0.0095,0.18,0,0,2,8.63
3187972223,52:00.0,11869,608104600,9.25,0.47,9.25,-0.27,0.0095,0.18,0,0,2,8.78
3187972226,53:00.0,11869,608104600,9.37,0.47,9.37,-0.27,0.0095,0.18,0,0,2,8.9
3187972228,19:00.0,11869,608104600,9.35,0.47,9.35,-0.27,0.0095,0.18,0,0,2,8.88
3187972305,31:00.0,9564,114914500,8.97,0.64,8.97,-0.27,0.0095,0.18,0,0,2,8.33
3187972324,03:00.0,11447,448646000,9.6,0.73,9.6,-0.27,0.0095,0.18,0,0,2,8.87
3187972367,06:00.0,13738,829138700,9.5,0.72,9.5,-0.27,0.0095,0.18,0,0,2,8.78
3187972370,11:00.0,13738,829138700,9.72,0.74,9.72,-0.27,0.0095,0.18,0,0,2,8.98
3187972429,36:00.0,11447,448646000,9.65,0.74,9.65,-0.27,0.0095,0.18,0,0,2,8.91
3187972430,17:00.0,11447,448646000,9.5,0.72,9.5,-0.27,0.0095,0.18,0,0,2,8.78
3187972434,26:00.0,11447,448646000,9,0.53,9,-0.27,0.0095,0.18,0,0,2,8.47
3187972643,01:00.0,11898,474632700,9.12,0.52,9.12,-0.27,0.0095,0.18,0,0,2,8.6
3187972901,04:00.0,11869,608104600,8.97,0.45,8.97,-0.27,0.0095,0.18,0,0,2,8.52
3187972904,25:00.0,11869,608104600,9.01,0.45,9.01,-0.27,0.0095,0.18,0,0,2,8.56
3187973025,17:00.0,10780,317081800,9.61,0.73,9.61,-0.27,0.0095,0.18,0,0,2,8.88
3187973091,24:00.0,13257,689421600,9.94,0.76,9.94,-0.27,0.0095,0.18,0,0,2,9.18
3187973112,31:00.0,13266,683567200,9.96,0.56,9.96,-0.27,0.0095,0.18,0,0,2,9.4
3187973143,58:00.0,9564,114914500,9.58,0.7,9.58,-0.27,0.0095,0.18,0,0,2,8.88
3187973359,39:00.0,11977,461550600,9.33,0.56,9.33,-0.27,0.0095,0.18,0,0,2,8.77
3187973376,29:00.0,11977,461550600,9.9,0.6,9.9,-0.27,0.0095,0.18,0,0,2,9.3
3187975544,55:00.0,11604,548781400,9.03,0.69,9.03,-0.27,0.0095,0.18,0,0,2,8.34
3187975547,26:00.0,11604,548781400,9.57,0.73,9.57,-0.27,0.0095,0.18,0,0,2,8.84
3188058688,59:00.0,11130,407447200,9.1,0.57,9.1,-0.27,0.0095,0.18,0,0,2,8.53
3188058699,10:00.0,12415,515217800,9.71,0.63,9.71,-0.27,0.0095,0.18,0,0,2,9.08
3188058856,02:00.0,12982,651880700,9.21,0.7,9.21,-0.27,0.0095,0.18,0,0,2,8.51
3188059049,09:00.0,9839,179913900,9.72,0.74,9.72,-0.27,0.0095,0.18,0,0,2,8.98
3188059275,57:00.0,14581,970314100,9.77,0.49,9.77,-0.27,0.0095,0.18,0,0,2,9.28
3188059281,18:00.0,14581,970314100,9.49,0.72,9.49,-0.27,0.0095,0.18,0,0,2,8.77
3188059342,44:00.0,10915,344099700,9.69,0.74,9.69,-0.27,0.0095,0.18,0,0,2,8.95
3188059500,53:00.0,9709,117023200,9.08,0.6,9.08,-0.27,0.0095,0.18,0,0,2,8.48
3188059502,39:00.0,9709,117023200,9.77,0.77,9.77,-0.27,0.0095,0.18,0,0,2,9
3188059503,23:00.0,9709,117023200,9.62,0.75,9.62,-0.27,0.0095,0.18,0,0,2,8.87
3188059585,07:00.0,14035,899157200,9,0.59,9,-0.27,0.0095,0.18,0,0,2,8.41
3188059588,44:00.0,14035,899157200,9.81,0.64,9.81,-0.27,0.0095,0.18,0,0,2,9.17
