Date,Unleaded Gas Cost,Diesel Cost,Midgrade Gas Cost,Premium Gas Cost
2019-01-01,1.3237,1.176108701716922,1.409889251341857,1.534256839196943
2019-01-02,1.3256,1.201517226960882,1.434353061317839,1.535803129323199
2019-01-03,1.3495,1.225238569782116,1.454955269170925,1.55348387636058
2019-01-04,1.3478,1.170961891293712,1.453068571386114,1.552686535569094
2019-01-05,1.3478,1.212443469741568,1.462782963209041,1.551201549602859
2019-01-06,1.3478,1.226479115702398,1.425495949478075,1.564167252930068
2019-01-07,1.3408,1.161004057432711,1.435418330155499,1.535297452061623
2019-01-08,1.3626,1.239848587058857,1.48467611202728,1.537695423310995
2019-01-09,1.4254,1.26790131837558,1.504783960128762,1.615068803298846
2019-01-10,1.4307,1.301075912021846,1.508636756582931,1.611578631076775
2019-01-11,1.4007,1.265841313131899,1.478013808999024,1.571487409688346
2019-01-12,1.4007,1.259654547434114,1.474838727872632,1.608657553020679
2019-01-13,1.4007,1.264833711839095,1.50737269999627,1.616661505477317
2019-01-14,1.3638,1.208839360332303,1.439758750005811,1.554818534461036
2019-01-15,1.4114,1.246826734886132,1.5277880230207,1.608753289281018
2019-01-16,1.4159,1.260844776408374,1.52560087538939,1.594235740817711
2019-01-17,1.43,1.282405310440808,1.526840406563133,1.655877999095246
2019-01-18,1.4528,1.288177790927887,1.580825953606702,1.658336460531876
2019-01-19,1.4528,1.283142308995314,1.57316566673778,1.674192764602788
2019-01-20,1.4528,1.308494219628349,1.561180931555294,1.668846032626182
2019-01-21,1.4528,1.317386985129863,1.551011460853927,1.670957687657513
2019-01-22,1.4015,1.271613508901559,1.515844469625503,1.592057877705432
2019-01-23,1.3857,1.244483977255225,1.465942019649595,1.587185114698298
2019-01-24,1.3876,1.262678125586733,1.501574878811277,1.570862687064707
2019-01-25,1.3894,1.237205730137043,1.514488945827447,1.612482163757645
2019-01-26,1.3894,1.24103284543436,1.494123134138621,1.615192027059942
2019-01-27,1.3894,1.21029193857275,1.484181784517691,1.562338147969544
2019-01-28,1.3331,1.198704489934631,1.432752067213319,1.52328480412662
2019-01-29,1.3509,1.179443927664868,1.461736840947159,1.566746115825698
2019-01-30,1.3823,1.231734980168007,1.471642176360078,1.563054852662794
2019-01-31,1.3627,1.23021277578529,1.444012095988542,1.549939218475297
2019-02-01,1.4369,1.309770403369889,1.561956215389632,1.60811084195096
2019-02-02,1.4369,1.279016266037338,1.533446122594737,1.619175790385902
2019-02-03,1.4369,1.304648763770796,1.520886459709704,1.630057598916441
2019-02-04,1.4323,1.27821179696843,1.553127350318432,1.603465193170309
2019-02-05,1.4259,1.253000515603088,1.5358274838157,1.621805828676187
2019-02-06,1.4591,1.323321198735759,1.580567195847072,1.66493465736825
2019-02-07,1.4258,1.276529451901279,1.510383840421401,1.600839354274049
2019-02-08,1.4464,1.270843621332757,1.53087127034422,1.622310272849724
2019-02-09,1.4464,1.316931528284773,1.567499371770397,1.644887800369039
2019-02-10,1.4464,1.289704889546707,1.542481066066399,1.617069090114534
2019-02-11,1.4192,1.28066151164081,1.530891954033449,1.605457680137642
2019-02-12,1.4272,1.303893941270932,1.546970634188317,1.65216488400735
2019-02-13,1.4651,1.344192980609275,1.542813084309362,1.669566759073548
2019-02-14,1.5085,1.385049574569799,1.621726421461441,1.690293238380924
2019-02-15,1.5729,1.414093263446912,1.658023231229372,1.786702212318406
2019-02-16,1.5729,1.410468880934268,1.697642125738412,1.773414861685224
2019-02-17,1.5729,1.435735056530312,1.672314182598703,1.761183106423915
2019-02-18,1.5729,1.426507790339738,1.674853028072603,1.74649160000924
2019-02-19,1.5638,1.413657235513628,1.650284538288787,1.774939733870514
2019-02-20,1.5981,1.448144710859656,1.715544028686732,1.778392302239686
2019-02-21,1.6144,1.492272581654228,1.710331692714803,1.841927848561294
2019-02-22,1.6112,1.458350702006184,1.707273090154678,1.811864478768594
2019-02-23,1.6112,1.444700366182998,1.688203730074503,1.788197458008118
2019-02-24,1.6112,1.481098890452459,1.711858505656756,1.789150247144327
2019-02-25,1.5452,1.379026577086002,1.631977052711695,1.771107397447154
2019-02-26,1.5863,1.415496435133927,1.706689012196101,1.795680665021017
2019-02-27,1.634,1.481342713666148,1.721346034697257,1.819009898357093
2019-02-28,1.6293,1.496079208215885,1.737072861095145,1.843105646914989
2019-03-01,1.7303,1.553286213085242,1.8500037801845,1.904156509989128
2019-03-02,1.7303,1.604772565548494,1.823329256458394,1.935772796987742
2019-03-03,1.7303,1.592061842314154,1.842094284037314,1.955536774869263
2019-03-04,1.749,1.619697749974206,1.841670058226213,1.955365867704153
2019-03-05,1.7674,1.588991894892045,1.856278130535595,1.943784602389298
2019-03-06,1.789,1.645887796171941,1.916041649743915,2.001171656847931
2019-03-07,1.8054,1.664202040480077,1.87786809720993,2.009665874414705
2019-03-08,1.8017,1.633899277691543,1.907608678877168,1.996890035435371
2019-03-09,1.8017,1.646490432197042,1.893697732808814,1.992074145326205
2019-03-10,1.8017,1.631933074747957,1.91012942265328,1.986604022444971
2019-03-11,1.826,1.688274794797413,1.935591591884382,2.043522946023382
2019-03-12,1.8155,1.680507790853269,1.902503578785807,1.986360968809575
2019-03-13,1.8568,1.678468044091202,1.964274444680847,2.06059392628558
2019-03-14,1.8495,1.701861696828157,1.959817602776922,2.050990829116665
2019-03-15,1.8577,1.68661434981022,1.952845887336694,2.047357812123187
2019-03-16,1.8577,1.718289626939036,1.98334772777725,2.056084766201489
2019-03-17,1.8577,1.678778313584439,1.937964549814164,2.077808922561631
2019-03-18,1.8828,1.734216081930511,2.006777039153688,2.091021546928398
2019-03-19,1.8931,1.753573569668829,1.989077601991035,2.113997630536929
2019-03-20,1.9166,1.749126092412882,2.0162499264054,2.142441047642753
2019-03-21,1.9203,1.799784985219315,2.042580731732026,2.127592407234199
2019-03-22,1.9259,1.7689284916237,2.003809098872915,2.117609469701164
2019-03-23,1.9259,1.747333373168111,2.051655804958753,2.137677624473907
2019-03-24,1.9259,1.763328313246928,2.051660167026892,2.143788175942935
2019-03-25,1.9379,1.776208229963295,2.038054467858374,2.160108822588436
2019-03-26,1.9557,1.81163026701361,2.038609912206232,2.154336717102491
2019-03-27,1.8955,1.770945336876437,2.019037355931476,2.083346427359618
2019-03-28,1.8799,1.730709795293025,1.954839163820818,2.063179167269356
2019-03-29,1.8956,1.76621529960949,2.001049624615721,2.071543969818763
2019-03-30,1.8956,1.760085342917032,2.002522526895068,2.098635928737372
2019-03-31,1.8956,1.742648259475268,1.967410755422339,2.06802002104409
2019-04-01,1.8989,1.727452295682021,1.98145621352233,2.086235055004805
2019-04-02,1.9285,1.777461203498766,2.018880675639026,2.157610426185653
2019-04-03,1.9512,1.808934540486708,2.049847423698567,2.161442702006362
2019-04-04,1.9399,1.786036707123369,2.01477904199399,2.126379386170395
2019-04-05,1.9687,1.846714693805017,2.065464349509031,2.179685167426988
2019-04-06,1.9687,1.798408071197383,2.097007568635791,2.192546303997561
2019-04-07,1.9687,1.814005292960256,2.043577294534817,2.177909163431078
2019-04-08,1.988,1.842539041016251,2.101828902868554,2.206141021374613
2019-04-09,1.999,1.845201514992863,2.126377886897885,2.203453920568339
2019-04-10,2.0692,1.889430709691532,2.165866481429711,2.28774477642104
2019-04-11,2.0309,1.855082992242277,2.146540805410221,2.206656050259806
2019-04-12,2.037,1.884678311490454,2.141666837826371,2.21124212846905
2019-04-13,2.037,1.872015499410219,2.157602837828919,2.24034800849203
2019-04-14,2.037,1.895134122462943,2.150457792932168,2.214239503692836
2019-04-15,2.0118,1.877326988343336,2.139824066421203,2.210796676467359
2019-04-16,2.0317,1.903634338686988,2.129242928094044,2.216686631451175
2019-04-17,2.0418,1.86341025560461,2.142110789458453,2.254711760290153
2019-04-18,2.0722,1.925277217196114,2.200121466520056,2.246233736097627
2019-04-19,2.0722,1.920920113183372,2.170223774451576,2.301407732817158
2019-04-20,2.0722,1.93524484304972,2.15293846810963,2.28246740334928
2019-04-21,2.0722,1.91071638940163,2.198997178531997,2.271145647203364
2019-04-22,2.1298,2.003169717057794,2.221105319839157,2.339977395190112
2019-04-23,2.1316,1.966535736185871,2.230304098747112,2.326710965422355
2019-04-24,2.1285,1.964106677262112,2.23465262508858,2.337553971222602
2019-04-25,2.1321,1.983913184777275,2.247195102414488,2.335368125406466
2019-04-26,2.1006,1.947951730526425,2.214931318796612,2.279174056918733
2019-04-27,2.1006,1.954088581138663,2.185644648665935,2.274544268599152
2019-04-28,2.1006,1.936902823824808,2.200848266663402,2.292872204598412
2019-04-29,2.0828,1.922600443770364,2.168090622808971,2.295794325221516
2019-04-30,2.1232,1.970583641717024,2.250083625374176,2.332660024614819
2019-05-01,2.0642,1.884393125810474,2.177176603866555,2.285457552029565
2019-05-02,2.0183,1.856209218892455,2.102683121402934,2.220968213695288
2019-05-03,2.0265,1.870499309130013,2.132639022810384,2.202275210550055
2019-05-04,2.0265,1.901363149356097,2.112647437714972,2.23794335296005
2019-05-05,2.0265,1.871492314903066,2.132088521286845,2.239236051627435
2019-05-06,1.9966,1.846274913794733,2.07504831706956,2.177747125605494
2019-05-07,1.9487,1.815985084794276,2.064129674098268,2.121571606401168
2019-05-08,1.975,1.825366222099401,2.059733739458025,2.17213793321047
2019-05-09,1.9754,1.840638232268021,2.077236711075157,2.205006714760885
2019-05-10,1.9891,1.835232948216982,2.073158051947504,2.180686004812271
2019-05-11,1.9891,1.86788737215884,2.10260535208825,2.203082400856912
2019-05-12,1.9891,1.861139207303897,2.082280342386477,2.211865901307576
2019-05-13,1.9637,1.785001179672591,2.07130354927741,2.185073315765522
2019-05-14,1.9767,1.843926206562482,2.092163362392038,2.205101101944037
2019-05-15,2.0127,1.843854673174024,2.134491189289652,2.18837510531284
2019-05-16,2.0618,1.893992110801116,2.142728527791984,2.281412928680144
2019-05-17,2.0473,1.924432387463935,2.144345593261719,2.256632223110832
2019-05-18,2.0473,1.890551836905256,2.146982519868947,2.268271206184477
2019-05-19,2.0473,1.895372721580975,2.134541032095626,2.25055241361279
2019-05-20,2.0099,1.870060183608532,2.131219316611625,2.224537800669298
2019-05-21,2.0193,1.893385702034645,2.092790417613648,2.243994592691958
2019-05-22,1.9912,1.848225438225828,2.10249696121905,2.209699414552935
2019-05-23,1.9133,1.75579369381927,2.000247517041117,2.086925749852508
2019-05-24,1.9345,1.813327148703858,2.062583036965691,2.131302108208649
2019-05-25,1.9345,1.770430101713166,2.030379000551068,2.1330807341896
2019-05-26,1.9345,1.76380954687763,2.030497606003657,2.14365052972734
2019-05-27,1.9345,1.80456739502307,2.05307426637318,2.148462966883555
2019-05-28,1.9567,1.830184230856411,2.047612893591449,2.151742539071292
2019-05-29,1.9452,1.810655962414853,2.064356147646718,2.136594870779477
2019-05-30,1.8786,1.726357171033882,1.969325554842502,2.103829379753582
2019-05-31,1.802,1.646873165185563,1.919124086134136,2.031658840238117
2019-06-01,1.802,1.669062632911839,1.896621442453936,1.990610851606354
2019-06-02,1.802,1.63123142424319,1.918634930572473,2.027613288702443
2019-06-03,1.7413,1.60203675676249,1.863750604424812,1.948349006363377
2019-06-04,1.7242,1.5866973669881,1.801614661440998,1.917036645897478
2019-06-05,1.6928,1.53373068676535,1.795983489097282,1.883409299703501
2019-06-06,1.7076,1.586280994953029,1.827852603888512,1.902274199940637
2019-06-07,1.7389,1.591387167101353,1.829802215088717,1.95386324123349
2019-06-08,1.7389,1.577741216689907,1.813040817872249,1.934308495254815
2019-06-09,1.7389,1.587125472420454,1.829997538368776,1.941037088784948
2019-06-10,1.7303,1.603479337535985,1.85765705552157,1.947280457096361
2019-06-11,1.7563,1.602856644761004,1.872962409650162,1.947874663859792
2019-06-12,1.6861,1.545898178710043,1.808500422864594,1.870369464444369
2019-06-13,1.7199,1.56562000738699,1.846062077761255,1.921551013237424
2019-06-14,1.7325,1.57875706626568,1.815958690061234,1.952594109391794
2019-06-15,1.7325,1.604505106173456,1.818081073733047,1.935057157138362
2019-06-16,1.7325,1.581476192898117,1.835548960193992,1.909274664716795
2019-06-17,1.6908,1.540625291144662,1.773725874982029,1.914873226619512
2019-06-18,1.7214,1.565728616210259,1.813914631464146,1.917587166683376
2019-06-19,1.7355,1.6145481172828,1.815637099414133,1.907468868989497
2019-06-20,1.7863,1.654471935104765,1.910431912346929,1.979807087775506
2019-06-21,1.8561,1.724901196105778,1.935789015792683,2.053375070282631
2019-06-22,1.8561,1.708634638429061,1.974725342114829,2.066294593612105
2019-06-23,1.8561,1.723247884606384,1.932232167475298,2.072530317671038
2019-06-24,1.8549,1.682441951593012,1.983387274362706,2.038275695110299
2019-06-25,1.8772,1.707286148269475,1.962113351503201,2.102721710487083
2019-06-26,1.9704,1.846840280531533,2.075487835579179,2.18308400426954
2019-06-27,1.9466,1.788450635367446,2.05335782833714,2.163151487636752
2019-06-28,1.9425,1.77523444624152,2.043046254846267,2.145417514336295
2019-06-29,1.9425,1.77921620181296,2.056859961729497,2.131756272274069
2019-06-30,1.9425,1.777336713247932,2.033973795101046,2.144074214370921
2019-07-01,1.9305,1.760005086955615,2.037973793770187,2.159078586801887
2019-07-02,1.8703,1.716853011639044,1.965092496506125,2.05717645085156
2019-07-03,1.9167,1.763860036428832,2.030090634539537,2.108026764882542
2019-07-04,1.9167,1.77625280429218,1.993515368761309,2.086860558721982
2019-07-05,1.9295,1.759685667150654,2.00947618759051,2.135921745521948
2019-07-06,1.9295,1.751565360662527,2.012302186086774,2.126857290619984
2019-07-07,1.9295,1.789819497464225,2.01383700108435,2.151212775509804
2019-07-08,1.9013,1.723823027858697,2.024981486067362,2.083083885015175
2019-07-09,1.9269,1.750138034639508,2.038970318143815,2.120531510743871
2019-07-10,2.0052,1.827234265380353,2.080100521850213,2.187869011866674
2019-07-11,1.9895,1.840763771979138,2.098793578681536,2.217909377131611
2019-07-12,1.977,1.810002076484263,2.100844299758784,2.16322672656551
2019-07-13,1.977,1.833446159156039,2.053936308098957,2.202479971012101
2019-07-14,1.977,1.85437427150365,2.105710777824745,2.19385151073616
2019-07-15,1.9303,1.792312257664464,2.045449385295808,2.10409535199143
2019-07-16,1.8918,1.74808618880175,2.004361911372468,2.064508081183955
2019-07-17,1.8787,1.722732578663901,1.962966499024816,2.095279192383215
2019-07-18,1.8342,1.698031902528182,1.957606374808401,2.006297077420913
2019-07-19,1.8405,1.685300203652121,1.912595066560432,2.03431918345578
2019-07-20,1.8405,1.66697226604633,1.913202354849316,2.037222798305564
2019-07-21,1.8405,1.670573352358304,1.943070254295133,2.020181354635395
2019-07-22,1.8279,1.675248288246431,1.91656789452266,2.030928011261486
2019-07-23,1.8605,1.700373206918128,1.940281344216317,2.06745420506876
2019-07-24,1.8551,1.713839434550516,1.97011180303283,2.026515354325436
2019-07-25,1.8803,1.706536808272079,1.978352589367144,2.064962672248669
2019-07-26,1.8744,1.721315578404442,1.966214606385306,2.079078066810593
2019-07-27,1.8744,1.697405595761351,1.966417511781305,2.080391970254108
2019-07-28,1.8744,1.731306430274248,1.967903037905321,2.094261869262532
2019-07-29,1.8634,1.698854126973636,1.94131283537168,2.049234682434797
2019-07-30,1.8969,1.739134210129827,1.970264360020496,2.120478878915869
2019-07-31,1.902,1.768726722414605,1.985293666690588,2.074542441030964
2019-08-01,1.7499,1.604314801360108,1.856845238066837,1.976358459538408
2019-08-02,1.7815,1.624694991676137,1.855120351389982,1.968455770617351
2019-08-03,1.7815,1.62968317137193,1.883130929931998,1.985797477402724
2019-08-04,1.7815,1.608665238368325,1.874840012934059,2.004038171578199
2019-08-05,1.718,1.571246186082251,1.8297388442019,1.929871249983087
2019-08-06,1.6873,1.521639610510506,1.768221428557485,1.914308288260549
2019-08-07,1.6203,1.454297103231959,1.704801099553891,1.816779826364666
2019-08-08,1.6457,1.520849557758123,1.761748902967013,1.868218411185592
2019-08-09,1.674,1.536820572392084,1.75608440782968,1.891077355976216
2019-08-10,1.674,1.515043572742492,1.745009716731496,1.871533777179196
2019-08-11,1.674,1.515044005528092,1.759809852820821,1.898892784147523
2019-08-12,1.6652,1.510688872048445,1.782379507068358,1.83828157173451
2019-08-13,1.7364,1.564410099646635,1.809136129672267,1.943336008264311
2019-08-14,1.6758,1.540770548730344,1.771694188210368,1.90318654889632
2019-08-15,1.6364,1.514589757773653,1.760504161737487,1.830842306710407
2019-08-16,1.6568,1.514103647659719,1.747715207234211,1.85868796903938
2019-08-17,1.6568,1.530069737577066,1.766435054469109,1.88068788885437
2019-08-18,1.6568,1.524934402213618,1.78592376513239,1.841485705718584
2019-08-19,1.6644,1.515421175323986,1.742757687685639,1.848028824520856
2019-08-20,1.6811,1.535749366964586,1.771012613988854,1.888686000505835
2019-08-21,1.6938,1.566353150807507,1.777687353371829,1.88620132519044
2019-08-22,1.6675,1.489966079755686,1.773604315933771,1.859523761062883
2019-08-23,1.6428,1.480768261004426,1.726415519925952,1.868839661252871
2019-08-24,1.6428,1.464534951934777,1.742836750328727,1.84129041194655
2019-08-25,1.6428,1.509443305448815,1.744076484141126,1.832395546722412
2019-08-26,1.6165,1.441696143458597,1.74074041481223,1.836240708335303
2019-08-27,1.6499,1.521154563950933,1.76585810579136,1.843367030073516
2019-08-28,1.6824,1.555445300524682,1.811176997304521,1.903896574906632
2019-08-29,1.6847,1.511596564746276,1.758679606339708,1.889659969143383
2019-08-30,1.6134,1.444675279331021,1.698076180705428,1.841715686089918
2019-08-31,1.6134,1.489565864118375,1.715666398137435,1.792200271186046
2019-09-01,1.6134,1.489647901297174,1.730191622261517,1.784132014444657
2019-09-02,1.6134,1.481647703094967,1.691850878453441,1.791878095205501
2019-09-03,1.4705,1.329952696638182,1.596163483492099,1.680580486671068
2019-09-04,1.5329,1.383253160342202,1.617156394305266,1.761393895451538
2019-09-05,1.546,1.403506944071502,1.648573102186434,1.745276138730347
2019-09-06,1.5742,1.449615983241983,1.691907607313059,1.766152200885862
2019-09-07,1.5742,1.447066613506339,1.668635092504136,1.771252043541335
2019-09-08,1.5742,1.422520098337718,1.694224748723954,1.789930552179739
2019-09-09,1.5846,1.430662456453219,1.672811582736112,1.80514650423117
2019-09-10,1.5908,1.412642428902164,1.708062300672009,1.799246081210859
2019-09-11,1.5699,1.425625378165953,1.688801640223339,1.781368943874352
2019-09-12,1.553,1.392683746946975,1.649831254530698,1.752530064770952
2019-09-13,1.5531,1.380234537105449,1.630924260825291,1.741648666979186
2019-09-14,1.5531,1.401031296550669,1.671258927913755,1.745512176122889
2019-09-15,1.5531,1.41254477608893,1.644301078230515,1.73570732374154
2019-09-16,1.7524,1.626307020520419,1.870814207310416,1.942299881207384
2019-09-17,1.6751,1.536907058113627,1.804332882102951,1.897518133532629
2019-09-18,1.6577,1.534564421302453,1.782841807710752,1.885960879241861
2019-09-19,1.7007,1.566770982506499,1.785625892758183,1.916609671215341
2019-09-20,1.6784,1.545880421666987,1.792131650775298,1.866729334114678
2019-09-21,1.6784,1.522288995796442,1.786682183641568,1.861171927458234
2019-09-22,1.6784,1.542686181479692,1.748716320885904,1.883389162278362
2019-09-23,1.6838,1.528285565824434,1.788502299996279,1.913496034821682
2019-09-24,1.6543,1.47804992900528,1.746642028240673,1.827131962821074
2019-09-25,1.6252,1.501283500939421,1.710411578542367,1.810010221963562
2019-09-26,1.6612,1.510897482124902,1.743736347182468,1.856598973817937
2019-09-27,1.6514,1.473770549808256,1.73486715296153,1.842071757720411
2019-09-28,1.6514,1.520205222101509,1.754963141799532,1.824508864538372
2019-09-29,1.6514,1.503566639338247,1.753846731068194,1.839041016752459
2019-09-30,1.6049,1.444739368797839,1.683221308325976,1.80309748213049
2019-10-01,1.5737,1.433537661650963,1.67072742761001,1.788775819580816
2019-10-02,1.5455,1.368233242204413,1.642033041615039,1.722278297461569
2019-10-03,1.5559,1.425957016564533,1.654209910134412,1.727889616225474
2019-10-04,1.5734,1.43810135171432,1.662414034392312,1.79605543423593
2019-10-05,1.5734,1.427737042849511,1.644924417917244,1.777380627493002
2019-10-06,1.5734,1.403859181182086,1.683582925723493,1.770507925033197
2019-10-07,1.5694,1.391601701272279,1.667216002187319,1.793991357945464
2019-10-08,1.5809,1.429263796398044,1.700214326578751,1.751132010465115
2019-10-09,1.5871,1.440016490542702,1.668730071769468,1.814645661125332
2019-10-10,1.6233,1.500153470583446,1.701291875056177,1.801387720512412
2019-10-11,1.6388,1.51701502531413,1.714484377625585,1.810598241478391
2019-10-12,1.6388,1.464843577156961,1.713431705330685,1.809403036722168
2019-10-13,1.6388,1.517540509371273,1.724656101815589,1.853746968578734
2019-10-14,1.6132,1.445453669565544,1.713441451491602,1.829454622908309
2019-10-15,1.6144,1.438119533807598,1.70626615863815,1.808813294079714
2019-10-16,1.6248,1.463366430020146,1.736673113266192,1.83151721928753
2019-10-17,1.6225,1.448447813200764,1.703801299789921,1.80878181532491
2019-10-18,1.623,1.498024940874428,1.751948633158579,1.846337240116671
2019-10-19,1.623,1.468782903316431,1.699434155097231,1.824564952814951
2019-10-20,1.623,1.443078895194456,1.70590239778813,1.810766966135241
2019-10-21,1.6072,1.470990439544245,1.72905173437465,1.77899636919871
2019-10-22,1.6089,1.44751874921713,1.718238397304527,1.81908713997677
2019-10-23,1.6519,1.524079628754966,1.732508101128601,1.858519756096043
2019-10-24,1.6632,1.51321537386328,1.749342664165236,1.873190011109039
2019-10-25,1.673,1.52510124572739,1.753343472361565,1.860568548941054
2019-10-26,1.673,1.540540443735197,1.796737340876833,1.8907035716502
2019-10-27,1.673,1.527763763123192,1.747052096209489,1.888711299381219
2019-10-28,1.6728,1.504191923907213,1.799219997108169,1.888829640599154
2019-10-29,1.6857,1.512598688483052,1.811344170525484,1.898896270358749
2019-10-30,1.6645,1.509108309715986,1.740594830972143,1.856831036087126
2019-10-31,1.6312,1.485180282074772,1.73632013015803,1.811694515877217
2019-11-01,1.6557,1.49228130582422,1.749558727919869,1.85864195713941
2019-11-02,1.6557,1.483515455216914,1.777212158373371,1.867539916375466
2019-11-03,1.6557,1.506326113414764,1.767419853798859,1.859276313471422
2019-11-04,1.6637,1.534925284398533,1.741543915270641,1.835412508718483
2019-11-05,1.6746,1.529589012130536,1.792226009136438,1.899194650454819
2019-11-06,1.6262,1.475620353509486,1.745747808892094,1.846665072477236
2019-11-07,1.6355,1.501375212345272,1.747409157754853,1.845316559944302
2019-11-08,1.6337,1.502097048241459,1.749853940800577,1.859590633752569
2019-11-09,1.6337,1.48350357054621,1.720117761035263,1.856451082759351
2019-11-10,1.6337,1.508795775960944,1.762778640541993,1.845944639601558
2019-11-11,1.6099,1.446634235771,1.723280201891996,1.811757868130319
2019-11-12,1.6144,1.462327932948805,1.721713214889728,1.821341982703284
2019-11-13,1.6365,1.489505502247252,1.738439693763852,1.853550450905226
2019-11-14,1.6158,1.460116897359677,1.707917830296047,1.812265006098151
2019-11-15,1.635,1.502563043413684,1.741319687440992,1.824578000199981
2019-11-16,1.635,1.475459655169398,1.75996617813129,1.817226646239869
2019-11-17,1.635,1.5028386424575,1.760392444315366,1.823381781023927
2019-11-18,1.621,1.497045702775009,1.74247641682066,1.84054246299807
2019-11-19,1.6037,1.443719086943939,1.719261814229004,1.785005440296419
2019-11-20,1.6563,1.51554374058377,1.766322599920631,1.870998648815975
2019-11-21,1.7044,1.531600388186611,1.810002342011407,1.915776536716707
2019-11-22,1.6743,1.539143771788292,1.797033300565742,1.846429833940416
2019-11-23,1.6743,1.505388020377792,1.796765246408246,1.859316814223491
2019-11-24,1.6743,1.548445926358178,1.776796480331756,1.856536456796527
2019-11-25,1.6748,1.513606130322628,1.764192100428231,1.88721449367255
2019-11-26,1.7047,1.582846440349519,1.818822018050402,1.922188419609145
2019-11-27,1.6792,1.541219914030098,1.762061228799447,1.857242271109298
2019-11-28,1.6792,1.514811584936269,1.764794839053228,1.875813685707562
2019-11-29,1.597,1.448891713794321,1.685342997343279,1.802044725215994
2019-11-30,1.597,1.440776773400605,1.676368957611732,1.807643919962458
2019-12-01,1.597,1.428238881768659,1.71610190010909,1.802907394797541
2019-12-02,1.5733,1.416727644041367,1.655587569432519,1.769764947578497
2019-12-03,1.5629,1.401467035794258,1.643652217364497,1.780507655883767
2019-12-04,1.6042,1.482652299530618,1.710876151161082,1.782454589927383
2019-12-05,1.6211,1.470484656017646,1.697398912460916,1.806732405164652
2019-12-06,1.6474,1.513848139259592,1.741556315168366,1.867200006248988
2019-12-07,1.6474,1.487203511868231,1.764655173441954,1.817824443441443
2019-12-08,1.6474,1.512676592760347,1.746339405200072,1.857476087065972
2019-12-09,1.6548,1.528891061758809,1.773472122913413,1.867359637781233
2019-12-10,1.6525,1.521814283831045,1.728019450646825,1.850590542764403
2019-12-11,1.6261,1.450149308430404,1.743927358557843,1.806924825866148
2019-12-12,1.6283,1.462296309996583,1.732366391559318,1.825936882131919
2019-12-13,1.6632,1.515768963272497,1.756589089340344,1.86666559856087
2019-12-14,1.6632,1.499853056424111,1.767491338259354,1.854896528056637
2019-12-15,1.6632,1.491870854279771,1.746108574035391,1.8548245883191
2019-12-16,1.6627,1.521209042644873,1.741540309316292,1.881846283515729
2019-12-17,1.6857,1.558151239018701,1.782334900961071,1.877124964158796
2019-12-18,1.6838,1.550295140725747,1.770447447673604,1.880594996275567
2019-12-19,1.7068,1.566151751073264,1.823504031443223,1.906656845894829
2019-12-20,1.7058,1.555361956208199,1.810413472861238,1.934498431910016
2019-12-21,1.7058,1.582961693698727,1.784089610971697,1.914318037726171
2019-12-22,1.7058,1.565998374954052,1.812615219046548,1.930587129643373
2019-12-23,1.7051,1.530221731422842,1.784463005175255,1.917365548817813
2019-12-24,1.727,1.553571397460066,1.810119530444965,1.913572817554698
2019-12-25,1.727,1.581793672449887,1.826115406069905,1.897700860070065
2019-12-26,1.7537,1.59041077425126,1.867113966321386,1.98146846701745
2019-12-27,1.7473,1.616505282083713,1.841793145691231,1.921843603439815
2019-12-28,1.7473,1.600410714829527,1.835260522049107,1.970093421400711
2019-12-29,1.7473,1.603230473934859,1.81979310655985,1.936450855033659
2019-12-30,1.7283,1.57475823251456,1.827669686008431,1.905601461379975
2019-12-31,1.6978,1.546395947274007,1.816308665072732,1.904728963134997
2020-01-01,1.6978,1.557996278137155,1.770275543818437,1.90188276331611
2020-01-02,1.7042,1.5286692181563,1.814170197882503,1.883520847233757
2020-01-03,1.7488,1.611507849023864,1.832641102225706,1.956631192030571
2020-01-04,1.7488,1.581901136512123,1.870629943996854,1.923607695555501
2020-01-05,1.7488,1.628441217580065,1.828292029445246,1.931304757717252
2020-01-06,1.7544,1.589357087100483,1.826455922234431,1.974329545768537
2020-01-07,1.7222,1.549622178667039,1.851636228359118,1.925300133612752
2020-01-08,1.6488,1.472439505365863,1.724731591005065,1.851464747163653
2020-01-09,1.6527,1.501924934857339,1.759127854057402,1.86206671494972
2020-01-10,1.6596,1.480608234182373,1.752717658770643,1.887800141205452
2020-01-11,1.6596,1.502694603689387,1.757665531388857,1.843151963823847
2020-01-12,1.6596,1.504713125271164,1.731991178328544,1.840291324668005
2020-01-13,1.6573,1.528452545656078,1.770182171194069,1.856436806996539
2020-01-14,1.6544,1.509614781262912,1.771977161123045,1.875519608883746
2020-01-15,1.6368,1.458152490163408,1.761219777607545,1.86281165776141
2020-01-16,1.6548,1.533195435693674,1.736990802288242,1.865842571770959
2020-01-17,1.6406,1.477821945901401,1.752282046232745,1.862977924076282
2020-01-18,1.6406,1.466190968411416,1.76374920837991,1.821470341933332
2020-01-19,1.6406,1.472112621329166,1.753396040796675,1.847943727461994
2020-01-20,1.6406,1.48976197384242,1.730336264026724,1.836449898960441
2020-01-21,1.6365,1.48398807427939,1.737691894561052,1.81952350660786
2020-01-22,1.5796,1.433115941598452,1.650363358753175,1.782274258905463
2020-01-23,1.5602,1.392341960924491,1.678353108484112,1.789944594260119
2020-01-24,1.5152,1.357339978944324,1.633058452149667,1.718269326709956
2020-01-25,1.5152,1.377247800859436,1.628834248967283,1.720593060711213
2020-01-26,1.5152,1.363738477495313,1.607508821193874,1.731263078762963
2020-01-27,1.484,1.315602462828159,1.561355356472544,1.667641531318426
2020-01-28,1.5032,1.331999502495676,1.625906962460652,1.722839696413651
2020-01-29,1.5308,1.360581040414236,1.640503510701656,1.724480169018917
2020-01-30,1.4937,1.358573267398216,1.603543502384611,1.712387639199197
2020-01-31,1.4887,1.359431129841879,1.615502399633452,1.700125249879248
2020-02-01,1.4887,1.347112973028608,1.589667944636941,1.678343962718546
2020-02-02,1.4887,1.366761832566745,1.600972850028239,1.705088277746737
2020-02-03,1.4737,1.340774122712947,1.593962316209264,1.650094947683439
2020-02-04,1.4432,1.315387072332017,1.552581374898367,1.648662602567859
2020-02-05,1.4863,1.347765095938183,1.58802758682631,1.687137784716859
2020-02-06,1.498,1.367946285588667,1.600105892193504,1.6913649494173
2020-02-07,1.5239,1.380245100658946,1.602328662875667,1.715730487409607
2020-02-08,1.5239,1.353272311909683,1.644932269145362,1.696661094109155
2020-02-09,1.5239,1.402993479262665,1.633733500538953,1.735559453706816
2020-02-10,1.5213,1.359127731510624,1.643695327212289,1.733932401082665
2020-02-11,1.5142,1.37740920733735,1.603506077891961,1.733495861106366
2020-02-12,1.581,1.456947936912999,1.674850099812262,1.755268653113395
2020-02-13,1.5802,1.458465814296901,1.696930687906966,1.780921173919737
2020-02-14,1.5833,1.459964766408503,1.661358857484721,1.780410540634021
2020-02-15,1.5833,1.414041707170382,1.708620931621827,1.759134390879609
2020-02-16,1.5833,1.411504100346193,1.663914118496887,1.783199835474789
2020-02-17,1.5833,1.422587146818824,1.688150746337324,1.792757732737064
2020-02-18,1.6148,1.470087571805529,1.710253940983862,1.842136006592959
2020-02-19,1.6633,1.508098260293901,1.787057581440732,1.880985453146696
2020-02-20,1.6697,1.529638420746475,1.792676773297414,1.868727336253785
2020-02-21,1.6506,1.482563568571955,1.771667524268292,1.868968194573559
2020-02-22,1.6506,1.486354920216277,1.75772286033202,1.862101109413803
2020-02-23,1.6506,1.508677139519155,1.747459174482525,1.878506564446166
2020-02-24,1.6091,1.480120258702338,1.72359621472042,1.796092501947097
2020-02-25,1.5324,1.37097160015963,1.613841206214949,1.758456013843045
2020-02-26,1.4549,1.300118098969199,1.526105823747441,1.651939324408397
2020-02-27,1.4106,1.268621152932197,1.52052120958399,1.580918127465434
2020-02-28,1.3955,1.236707676297054,1.472142280113883,1.584002553938888
2020-02-29,1.3955,1.24328668787796,1.495935134600848,1.609177649539895
2020-03-01,1.3955,1.244264504566789,1.483734548214823,1.620492283722386
2020-03-02,1.5396,1.361117989751883,1.648708970728703,1.738571596751362
2020-03-03,1.5313,1.372969103153981,1.605338456743583,1.746548639797792
2020-03-04,1.5555,1.400378621078096,1.668186223224737,1.777468376240693
2020-03-05,1.5218,1.352311404839344,1.595058542083204,1.715406475633569
2020-03-06,1.389,1.211346472176723,1.490556751779281,1.599652413247153
2020-03-07,1.389,1.209112289479002,1.490100752972998,1.597071501557715
2020-03-08,1.389,1.230853436571546,1.48351680125203,1.603540365864523
2020-03-09,1.1369,0.9931968373531476,1.219371817033365,1.36009188373629
2020-03-10,1.1571,1.0351618910864,1.25208388743028,1.355412769369222
2020-03-11,1.1103,0.9458527490749956,1.226128705159947,1.316630515686423
2020-03-12,0.8975,0.7432450372446329,0.9976048014778643,1.122711715940386
2020-03-13,0.8992,0.729685330442898,0.9693732737617567,1.072785091796704
2020-03-14,0.8992,0.7466945093039423,0.973945549778454,1.116511211060733
2020-03-15,0.8992,0.7727189419239759,1.008302381560952,1.126656627544016
2020-03-16,0.6899,0.5695770422952249,0.7823880918860435,0.876783852770552
2020-03-17,0.7114,0.5510700585307554,0.8378613267360255,0.9113673492880539
2020-03-18,0.6377,0.4954243079431355,0.7183442042067647,0.8621454669672997
2020-03-19,0.685,0.5429424972645939,0.8080170731944964,0.865756871555932
2020-03-20,0.6054,0.4712170700445772,0.7167453082740307,0.7853620935181156
2020-03-21,0.6054,0.4821924112407491,0.7235984031572938,0.8109081130331383
2020-03-22,0.6054,0.4314321308858693,0.7307530278149993,0.8311282384298743
2020-03-23,0.4118,0.2915349925106391,0.5100680850243196,0.5895682398026809
2020-03-24,0.4437,0.282018776213564,0.568915712194331,0.6658133774379268
2020-03-25,0.5468,0.3858763174090534,0.6608102819027378,0.7202898926550523
2020-03-26,0.5438,0.4093006889626383,0.645003957083635,0.7486354952130466
2020-03-27,0.5737,0.4070685373980552,0.6460346901545301,0.7833340458048508
2020-03-28,0.5737,0.420099863245897,0.6518150172138586,0.759678792021051
2020-03-29,0.5737,0.4360538822308183,0.659932535210438,0.7688906934008002
2020-03-30,0.5855,0.4215273818857968,0.7150657212333754,0.7715317919962108
2020-03-31,0.5732,0.4091872491518036,0.6831548132903874,0.7487188094312326
2020-04-01,0.5465,0.4144298409027979,0.6569094148613512,0.7545445836624131
2020-04-02,0.6628,0.5148636777440085,0.7583348662892356,0.879985168932192
2020-04-03,0.6916,0.5416186790293083,0.7882548475716263,0.9138155692521482
2020-04-04,0.6916,0.5342994897983968,0.7971008356971666,0.8741049461703747
2020-04-05,0.6916,0.537225153160654,0.7831444214362651,0.8644809607028962
2020-04-06,0.7016,0.5789413307080046,0.8058230716813356,0.9087106085041539
2020-04-07,0.6482,0.4905103322135285,0.7258388592040166,0.8246164635119959
2020-04-08,0.678,0.5541948341270909,0.7677278617694975,0.8536921238731594
2020-04-09,0.6773,0.5310152955541387,0.7871156025353819,0.8558242856387049
2020-04-10,0.6773,0.5284500711552799,0.7563441500209273,0.8907039857937024
2020-04-11,0.6773,0.5554466901861131,0.7923913974177093,0.8832444329468534
2020-04-12,0.6773,0.5077163041850552,0.770375498440303,0.8621769748816267
2020-04-13,0.7033,0.5357387190910057,0.7791147019566969,0.8884885880995542
2020-04-14,0.72,0.5465598847903311,0.8113510963739827,0.9324607095867395
2020-04-15,0.7204,0.5575839001215994,0.8069942809544504,0.9164340189049021
2020-04-16,0.7051,0.5327413973560556,0.7936277166357264,0.8951212949188425
2020-04-17,0.7107,0.5683896817004308,0.8332011853128671,0.9101786697346717
2020-04-18,0.7107,0.5899998105101287,0.7963156069785357,0.920589289312996
2020-04-19,0.7107,0.5481722511554137,0.8323266622394323,0.8983492264354602
2020-04-20,0.6683,0.5270711093854159,0.7603975795760751,0.8916632443705574
2020-04-21,0.5103,0.3526034655628726,0.6299223278809338,0.6934354143051431
2020-04-22,0.6384,0.4852348902789876,0.7661834491385147,0.8597942793942988
2020-04-23,0.6436,0.4774607107102871,0.7651054175909608,0.8224005582801998
2020-04-24,0.6612,0.5339075918577612,0.7670041024254635,0.8719026767823845
2020-04-25,0.6612,0.5073166232312099,0.7656172502867877,0.8590839606326074
2020-04-26,0.6612,0.535303369647637,0.7343960987625644,0.8831157080212608
2020-04-27,0.6483,0.5057923096317798,0.7524081658611074,0.8342640297712758
2020-04-28,0.6672,0.515682720265165,0.7383507559986785,0.8938379540553316
2020-04-29,0.7272,0.5544172547969967,0.8238100118914619,0.9107752587392925
2020-04-30,0.6978,0.575493770066835,0.8160636136934161,0.9199034338884056
2020-05-01,0.7663,0.6459901039546355,0.8603923608699813,0.9937348021578043
2020-05-02,0.7663,0.628611128336005,0.8938086542405188,0.9566903146600351
2020-05-03,0.7663,0.6286733404418453,0.8774617387132719,0.9949507456004619
2020-05-04,0.8215,0.6873470355439931,0.9053209587382153,1.027535328623839
2020-05-05,0.9013,0.7798555959120392,1.007524841331132,1.103314778698794
2020-05-06,0.8769,0.7053188907500356,0.9978645715309307,1.095993844513409
2020-05-07,0.9314,0.7587605886381119,1.051074063124694,1.146796694270894
2020-05-08,0.9522,0.828344187762402,1.040879984761402,1.138926678339764
2020-05-09,0.9522,0.8144499039117248,1.07072013936732,1.132018594120443
2020-05-10,0.9522,0.8242190031733364,1.066941074154153,1.171266891428083
2020-05-11,0.9242,0.7599392338616774,0.9997524030374363,1.104482051200047
2020-05-12,0.9185,0.7549983011083677,0.9939969999287277,1.142636340771802
2020-05-13,0.8527,0.717851883061044,0.943817432480678,1.05969409826193
2020-05-14,0.9145,0.7736097009042278,1.020457695143297,1.12909228310734
2020-05-15,0.9702,0.8184347032567486,1.042701836367883,1.182681963159516
2020-05-16,0.9702,0.8237206606658175,1.050753355999291,1.189770458149537
2020-05-17,0.9702,0.8237759811708703,1.064518871451542,1.155483311819658
2020-05-18,1.0258,0.8521875113707036,1.122470962506905,1.219510871972144
2020-05-19,1.0452,0.904430403508991,1.169100351068005,1.268481940049492
2020-05-20,1.0438,0.8654701500723139,1.153043829655461,1.243843378472328
2020-05-21,1.0451,0.8779841600520535,1.148538680372201,1.271992253635451
2020-05-22,1.0382,0.868289501477778,1.126354044910334,1.22902496299874
2020-05-23,1.0382,0.8671787698350847,1.151007269375771,1.260781950509921
2020-05-24,1.0382,0.8790930876851082,1.136122893776558,1.259738462880999
2020-05-25,1.0382,0.8976393074000255,1.133382859003544,1.23361321601253
2020-05-26,1.0489,0.9187620137106627,1.164107360922359,1.269265631743334
2020-05-27,0.9933,0.845070718046464,1.106050715278089,1.169244586852565
2020-05-28,0.9985,0.8533732036910952,1.078828683904372,1.187372569813393
2020-05-29,1.0259,0.8868237438347191,1.13316643694099,1.197553163419105
2020-05-30,1.0259,0.9032220906918869,1.135891009728983,1.221573854169436
2020-05-31,1.0259,0.8648534896425903,1.104620414042473,1.24445900076218
2020-06-01,1.0667,0.9076236542368308,1.187958020843379,1.25952474313397
2020-06-02,1.1183,0.9406313191207126,1.213778285802528,1.316063108788058
2020-06-03,1.1193,0.9822996910924091,1.22925741263032,1.333157783973217
2020-06-04,1.149,1.01150907748472,1.27490292409528,1.358127228874713
2020-06-05,1.2136,1.075187156187743,1.316302810210176,1.423371294426173
2020-06-06,1.2136,1.066987356554158,1.304351050217077,1.427754794281349
2020-06-07,1.2136,1.054989948059805,1.322814541749098,1.401818091856688
2020-06-08,1.195,1.044860513606109,1.297279088604264,1.370507775996812
2020-06-09,1.2103,1.083122682093829,1.313045626075193,1.399925802808441
2020-06-10,1.2099,1.050528910423256,1.306030913174711,1.389899900707044
2020-06-11,1.1188,0.9791294414328411,1.204726750656217,1.333997999356315
2020-06-12,1.1243,0.9623947430292146,1.229093578810059,1.326359705853462
2020-06-13,1.1243,0.9539900406340138,1.20615992714949,1.351076281273924
2020-06-14,1.1243,0.9527615211235361,1.229491166102886,1.312722128641978
2020-06-15,1.1657,1.013508538074605,1.285663990780525,1.363639193127677
2020-06-16,1.2073,1.054488541172072,1.330438860668987,1.386518607810326
2020-06-17,1.2153,1.042784866459854,1.288510321497172,1.423921330615133
2020-06-18,1.2577,1.085591780030914,1.379136139959842,1.457132693640701
2020-06-19,1.2716,1.128069005653635,1.349288794238493,1.450579459526017
2020-06-20,1.2716,1.129915694881603,1.373957633071952,1.497236516786181
2020-06-21,1.2716,1.099247037580609,1.358539844288863,1.460355617663264
2020-06-22,1.2913,1.111991659660079,1.393207210871577,1.49297455395218
2020-06-23,1.2994,1.138398472830281,1.394158739774116,1.514745809510909
2020-06-24,1.1964,1.042969286528975,1.298118198577873,1.381768933519348
2020-06-25,1.1942,1.035455707298405,1.298670751779154,1.37134826350566
2020-06-26,1.1533,0.9932384438153357,1.238813146594167,1.363901938543841
2020-06-27,1.1533,0.9948450639510527,1.234712252788432,1.332445512599498
2020-06-28,1.1533,0.9917613044420257,1.236620168466307,1.357692359121703
2020-06-29,1.1841,1.023740109823085,1.26557389288526,1.390068696838245
2020-06-30,1.2001,1.077146557082794,1.322509806461073,1.415030218295194
2020-07-01,1.2169,1.06481359402705,1.311215344667993,1.400931840772368
2020-07-02,1.2592,1.11497142982278,1.346179678585194,1.456482358668745
2020-07-03,1.2592,1.088436965491437,1.381469830773585,1.446461978862807
2020-07-04,1.2592,1.093989602188393,1.379400855764561,1.479356598798931
2020-07-05,1.2592,1.130149228429236,1.361052602646686,1.450483831042238
2020-07-06,1.2408,1.100820804195665,1.34776934859734,1.44265097576119
2020-07-07,1.275,1.101475192559883,1.389813645468093,1.475076929875649
2020-07-08,1.2909,1.15487521963343,1.415716035628319,1.466141403277032
2020-07-09,1.2505,1.115113968180492,1.364260625072755,1.445641802416183
2020-07-10,1.2831,1.133437836504914,1.365380274089426,1.511949884462543
2020-07-11,1.2831,1.15919306903556,1.391523043312505,1.465563428466581
2020-07-12,1.2831,1.152345823714882,1.40426949651856,1.474622363005206
2020-07-13,1.2734,1.137752106838487,1.402273989530839,1.50198259008266
2020-07-14,1.2474,1.108685183150321,1.370829330466315,1.433669484050572
2020-07-15,1.2645,1.095219109349884,1.341056262704544,1.460151522669941
2020-07-16,1.2339,1.108093434105255,1.360293673573621,1.438528202365711
2020-07-17,1.2245,1.045893979592249,1.336909911858849,1.435221212131903
2020-07-18,1.2245,1.068256592082791,1.335418738497421,1.409081325110048
2020-07-19,1.2245,1.092564006618224,1.351756576842628,1.42112326421123
2020-07-20,1.2285,1.090166847663,1.345168880688958,1.447302037676796
2020-07-21,1.2797,1.128377094029263,1.350662109072134,1.482641304063425
2020-07-22,1.2828,1.127515433497913,1.408303154001199,1.496788290429115
2020-07-23,1.2586,1.095374970521219,1.382973245583847,1.443581857649982
2020-07-24,1.2848,1.137239302243292,1.371093511572294,1.461346598719433
2020-07-25,1.2848,1.138363592173159,1.407505572587438,1.488384485044703
2020-07-26,1.2848,1.153862985950149,1.373991684206016,1.472348024971038
2020-07-27,1.2747,1.122036801281199,1.35608479819987,1.490733744798042
2020-07-28,1.2656,1.123437266493589,1.361648123273067,1.474656318309158
2020-07-29,1.2415,1.084352913271636,1.336159682400525,1.468520113617182
2020-07-30,1.2204,1.070341994324326,1.331530582955666,1.390760126080923
2020-07-31,1.1871,1.066046481635794,1.257192920116149,1.404632537183724
2020-08-01,1.1871,1.039387423596718,1.273560028318688,1.406439378997684
2020-08-02,1.1871,1.030616589403152,1.296624201159366,1.364530547298864
2020-08-03,1.2131,1.074704898609221,1.302541896644421,1.427248344560526
2020-08-04,1.2143,1.046459739849158,1.334278019250557,1.401684588168934
2020-08-05,1.2228,1.054418839264847,1.320291936758161,1.427073816980422
2020-08-06,1.2281,1.106695885108225,1.331688018352166,1.446789088094979
2020-08-07,1.2076,1.069033807411231,1.327516876144707,1.432195715696923
2020-08-08,1.2076,1.072898455725424,1.293221062116698,1.41245517621506
2020-08-09,1.2076,1.058866003213823,1.318315414537117,1.413896332147904
2020-08-10,1.2293,1.108393119231984,1.332886253961548,1.428183389891125
2020-08-11,1.2045,1.031468685253523,1.332702617736533,1.376783905223012
2020-08-12,1.2438,1.113054989842884,1.370932134176791,1.427249876629747
2020-08-13,1.2348,1.068535563280061,1.321294941459969,1.432878336450271
2020-08-14,1.2446,1.107567195892706,1.361535420823283,1.452509226249903
2020-08-15,1.2446,1.088693899955042,1.335854342417233,1.474519087812304
2020-08-16,1.2446,1.089779469836876,1.373195465482212,1.421974042179435
2020-08-17,1.27,1.129526391071267,1.345754995145835,1.473161423024721
2020-08-18,1.283,1.147616616121493,1.363150178940967,1.494969206156209
2020-08-19,1.2905,1.162004673068412,1.361709547338076,1.48147738919314
2020-08-20,1.2965,1.132456579530612,1.394270693474449,1.509264573651366
2020-08-21,1.2841,1.144889717091248,1.361956353051029,1.45638941691108
2020-08-22,1.2841,1.11926556495335,1.411369574464299,1.490181171571277
2020-08-23,1.2841,1.136809018462338,1.35699258599747,1.491296854348295
2020-08-24,1.3671,1.212364916117303,1.481518748947792,1.561287088068575
2020-08-25,1.3959,1.236128057443164,1.487986900989525,1.622334606220573
2020-08-26,1.3606,1.233286817869544,1.455523208011314,1.559431083057448
2020-08-27,1.2845,1.10934995029401,1.359941068201326,1.49471831269376
2020-08-28,1.3155,1.175101768841967,1.433477732946165,1.491168279915117
2020-08-29,1.3155,1.171788918647915,1.43151642597001,1.521666856819764
2020-08-30,1.3155,1.143031173094176,1.392865381382406,1.533631914688274
2020-08-31,1.2761,1.134464517078735,1.404770498700812,1.475087271245569
2020-09-01,1.2247,1.074977389530092,1.342991015853174,1.426848056840524
2020-09-02,1.202,1.030647686727345,1.305362491400912,1.43071022941079
2020-09-03,1.2049,1.062664577078633,1.285184658153542,1.432107962363027
2020-09-04,1.1772,1.032707376082242,1.291078214471042,1.3694426880477
2020-09-05,1.1772,1.006229445522465,1.281117472129688,1.39747309297584
2020-09-06,1.1772,1.005599073807523,1.284520820530876,1.357357670392655
2020-09-07,1.1772,1.015616467448696,1.274271625511162,1.37231832031887
2020-09-08,1.1028,0.9433016411142424,1.173341861387901,1.298265297149494
2020-09-09,1.1193,0.9976037767047062,1.205298303848319,1.34247810529843
2020-09-10,1.0977,0.9610050144603475,1.226043234527856,1.320530186970532
2020-09-11,1.0949,0.9385987788556144,1.19179131621737,1.319908612158708
2020-09-12,1.0949,0.9234456861183047,1.183584248621576,1.271412666051276
2020-09-13,1.0949,0.9538329790230841,1.214012066030502,1.286508335222118
2020-09-14,1.1068,0.9768540403043852,1.226189267135412,1.333457723360695
2020-09-15,1.1381,0.9767896985489875,1.249794652265869,1.351857916293107
2020-09-16,1.1889,1.038802543611825,1.285334403602034,1.401334027390555
2020-09-17,1.2244,1.080980890691839,1.337932793112099,1.438244263670035
2020-09-18,1.2366,1.074022866979614,1.326102936918288,1.434116583828255
2020-09-19,1.2366,1.109670512856357,1.3577101712659,1.460601391096972
2020-09-20,1.2366,1.076043304399028,1.357894727921486,1.413271680100262
2020-09-21,1.1771,1.028079504887946,1.303530702530779,1.406925472082011
2020-09-22,1.1643,0.9877508518455549,1.281065196006745,1.356981056051515
2020-09-23,1.1813,1.047671860629879,1.310895874585211,1.371895701001585
2020-09-24,1.1957,1.055079875836894,1.301292665174045,1.374152909961343
2020-09-25,1.2142,1.049974471061304,1.295984444716759,1.440384459747746
2020-09-26,1.2142,1.051627079165354,1.323429320287704,1.391696195342392
2020-09-27,1.2142,1.093157702210173,1.305711222729459,1.432376738745533
2020-09-28,1.2466,1.102766848815046,1.35532747965157,1.432143989678845
2020-09-29,1.2017,1.042736325343885,1.32136369648464,1.386321562045068
2020-09-30,1.2008,1.028361690569855,1.30942430086825,1.422955983615667
2020-10-01,1.1524,1.009895011147112,1.227046705025807,1.359074879249185
2020-10-02,1.1235,0.9707118413541466,1.247807098789141,1.341761973354965
2020-10-03,1.1235,0.957659769793041,1.210464687760919,1.320028631839901
2020-10-04,1.1235,0.9523971641985699,1.205280950315297,1.330865358751267
2020-10-05,1.1941,1.066689329909533,1.318729893633537,1.36700739974007
2020-10-06,1.2351,1.107169026553072,1.331413664955087,1.438409750733897
2020-10-07,1.2009,1.045043297639676,1.328551611622423,1.404839622649923
2020-10-08,1.2316,1.051660800663196,1.303823734934814,1.403771973315999
2020-10-09,1.2032,1.059689586508833,1.285324616573565,1.414311759743653
2020-10-10,1.2032,1.072308244902454,1.303275780688785,1.374281209476106
2020-10-11,1.2032,1.029853900868259,1.297470604359917,1.409156331966445
2020-10-12,1.1757,1.008877016247064,1.250549229855463,1.349475096535683
2020-10-13,1.1827,1.014994128565118,1.273163482541964,1.388597051822394
2020-10-14,1.1971,1.070441478132643,1.309169997801445,1.393211829341389
2020-10-15,1.18,1.006713562458754,1.254280989235267,1.38686222506687
2020-10-16,1.1688,0.9953211818274111,1.261892041104101,1.364005498831347
2020-10-17,1.1688,1.000872231536731,1.296741292850301,1.373875012454763
2020-10-18,1.1688,1.002843919206597,1.261379802828841,1.385326368749328
2020-10-19,1.1623,1.014098497587443,1.254704504166916,1.34081265958976
2020-10-20,1.1879,1.058710648272745,1.285389222418517,1.370412050447986
2020-10-21,1.1403,0.9702523212108762,1.260462229957059,1.34608308490105
2020-10-22,1.1581,1.027198933404311,1.232738957646675,1.34984682692159
2020-10-23,1.1389,0.9635180813154206,1.211613126125745,1.352414852500521
2020-10-24,1.1389,0.9997017100440339,1.222904560289904,1.33697707099244
2020-10-25,1.1389,0.9619170925334096,1.214075077263266,1.330742463095672
2020-10-26,1.1116,0.943719240630418,1.201337412934191,1.309821692126244
2020-10-27,1.1434,0.9727685337668285,1.254505819419026,1.372294957755692
2020-10-28,1.0814,0.9314977708911523,1.197679608495533,1.282088909166492
2020-10-29,1.0515,0.9032946206917987,1.13075671750214,1.253676250671037
2020-10-30,1.0495,0.8816774299535901,1.129449800758623,1.224169570536353
2020-10-31,1.0495,0.9131108506610618,1.120493901267648,1.255973366352729
2020-11-01,1.0495,0.9285258417185397,1.131046786567196,1.228354659581557
2020-11-02,1.052,0.8857913177860901,1.12973596260231,1.273319299121387
2020-11-03,1.0769,0.9027180258981884,1.167282463834248,1.300806607585959
2020-11-04,1.1081,0.9720555023238064,1.192026840126515,1.299642533594184
2020-11-05,1.1159,0.9910823821989818,1.23378462898694,1.288457746246457
2020-11-06,1.0844,0.9334021369559691,1.200407714937441,1.312122209040075
2020-11-07,1.0844,0.9569336809735746,1.181573436563462,1.260632283748686
2020-11-08,1.0844,0.9399402663070708,1.188448597910442,1.295755783347972
2020-11-09,1.1607,1.000153511196189,1.250797161773592,1.369322369132936
2020-11-10,1.1941,1.070943161499128,1.306471620335616,1.369715051337518
2020-11-11,1.1759,1.013652872509882,1.303737007166818,1.369276993779093
2020-11-12,1.1571,0.9970180779000745,1.258086844669096,1.381245700396039
2020-11-13,1.1254,0.9541089130654931,1.222437321832031,1.330313845499977
2020-11-14,1.1254,1.00189709913414,1.224993552295119,1.310189073471911
2020-11-15,1.1254,0.9987714513015001,1.246954710655473,1.337902264883369
2020-11-16,1.1468,1.018982430084795,1.248539894002676,1.332628059753403
2020-11-17,1.1532,0.9933313831005246,1.229276242816634,1.327666422568075
2020-11-18,1.1629,1.022724745012447,1.277161665167287,1.342065138127282
2020-11-19,1.1625,1.008187535866164,1.28191584690474,1.379792625838891
2020-11-20,1.1752,1.016491132322513,1.248639232418314,1.366453651203588
2020-11-21,1.1752,1.026372577431425,1.29896402458176,1.387399970581569
2020-11-22,1.1752,1.000697020129115,1.297619187682681,1.366140010808408
2020-11-23,1.204,1.030053222911432,1.289654180315323,1.418345926092938
2020-11-24,1.2582,1.084747828442417,1.382332714956068,1.452899294101447
2020-11-25,1.2875,1.147241387697868,1.375305154323578,1.460168425841257
2020-11-26,1.2875,1.158732408429496,1.402165562496521,1.469576397803612
2020-11-27,1.282,1.144447537998669,1.407064942906611,1.480820208460093
2020-11-28,1.282,1.14551067324169,1.365460005964153,1.478090288073756
2020-11-29,1.282,1.139953225220554,1.405585054995492,1.507330113521777
2020-11-30,1.2489,1.080338013170846,1.339491495800763,1.473248454372957
2020-12-01,1.2204,1.089898635507189,1.346673239483125,1.407284151110425
2020-12-02,1.2399,1.094553341439553,1.329610924583487,1.45893149203863
2020-12-03,1.2617,1.132330408870056,1.390542474608682,1.451443575896137
2020-12-04,1.2685,1.110770320723764,1.394131382940337,1.485226751932874
2020-12-05,1.2685,1.145965484770946,1.390179687304422,1.463701334296726
2020-12-06,1.2685,1.119680223193951,1.35963818962127,1.491560039961711
2020-12-07,1.2558,1.096389803117327,1.351916421297193,1.466324651766755
2020-12-08,1.2559,1.124097124623693,1.381888623606973,1.468259710824676
2020-12-09,1.2759,1.154482013756968,1.388028274701536,1.492050092361495
2020-12-10,1.3166,1.13825373602882,1.43979406167604,1.50377799806036
2020-12-11,1.3077,1.179472346030921,1.386355456039123,1.495924920425564
2020-12-12,1.3077,1.130481146680936,1.420059728245065,1.513350649182499
2020-12-13,1.3077,1.152461719498783,1.428802281031199,1.497322732978314
2020-12-14,1.3191,1.160164307433553,1.425257672014087,1.527049094409123
2020-12-15,1.3268,1.186558482449688,1.408690553198755,1.543729248878732
2020-12-16,1.3529,1.209488323302567,1.437165887956135,1.56554085103292
2020-12-17,1.3881,1.266903515452892,1.507849152655713,1.590546050290018
2020-12-18,1.3956,1.232615140615404,1.492238169302605,1.605181138491631
2020-12-19,1.3956,1.271587090501003,1.519560963990539,1.610772233022749
2020-12-20,1.3956,1.21812999171149,1.468308478500135,1.568290330939367
2020-12-21,1.3604,1.222195780151151,1.453899439568259,1.583441639756412
2020-12-22,1.3395,1.174245306205004,1.428855511227622,1.544630671490915
2020-12-23,1.382,1.259396319247782,1.491679470481351,1.566774709991179
2020-12-24,1.3789,1.223091273180768,1.490947717990354,1.572117916083522
2020-12-25,1.3789,1.233526037376002,1.460726243465766,1.556312849916145
2020-12-26,1.3789,1.214181023140997,1.486923694800213,1.581686919227801
2020-12-27,1.3789,1.247483514322527,1.492138274883479,1.580824309423193
2020-12-28,1.3677,1.207166051906347,1.440349717112072,1.57530557923466
2020-12-29,1.3879,1.239350518043712,1.482894206991978,1.589342461106926
2020-12-30,1.412,1.261121000990272,1.508346700326539,1.606827461084351
2020-12-31,1.4084,1.258231725079566,1.511735451339371,1.580532853562944
